"sex","age","edu","arear","party_kmt","party_dpp","party_tpp","n_teds","n_teds_wt","N_target"
"女性","20至29歲","專科及以上","中彰投區","0-4 冷淡","0-4 冷淡","0-4 冷淡",2,3.0706555218757,3.07065552187566
"女性","20至29歲","專科及以上","中彰投區","0-4 冷淡","6-10 溫暖","0-4 冷淡",2,3.0706555218757,3.07065552187566
"女性","20至29歲","專科及以上","中彰投區","0-4 冷淡","6-10 溫暖","5 中間",1,1.53532776093785,1.53532776093783
"女性","20至29歲","專科及以上","中彰投區","5 中間","0-4 冷淡","6-10 溫暖",1,1.53532776093785,1.53532776093783
"女性","20至29歲","專科及以上","中彰投區","5 中間","5 中間","0-4 冷淡",1,1.66168421814032,1.6616842181403
"女性","20至29歲","專科及以上","中彰投區","5 中間","5 中間","5 中間",4,6.26766750095388,6.2676675009538
"女性","20至29歲","專科及以上","中彰投區","5 中間","6-10 溫暖","0-4 冷淡",1,1.53532776093785,1.53532776093783
"女性","20至29歲","專科及以上","中彰投區","6-10 溫暖","0-4 冷淡","5 中間",1,1.53532776093785,1.53532776093783
"女性","20至29歲","專科及以上","中彰投區","6-10 溫暖","5 中間","6-10 溫暖",2,3.0706555218757,3.07065552187566
"女性","20至29歲","專科及以上","北北基宜蘭區","0-4 冷淡","0-4 冷淡","0-4 冷淡",4,5.99766015496496,5.99766015496488
"女性","20至29歲","專科及以上","北北基宜蘭區","0-4 冷淡","0-4 冷淡","5 中間",3,4.49824511622372,4.49824511622366
"女性","20至29歲","專科及以上","北北基宜蘭區","0-4 冷淡","6-10 溫暖","0-4 冷淡",4,5.99766015496496,5.99766015496488
"女性","20至29歲","專科及以上","北北基宜蘭區","5 中間","0-4 冷淡","6-10 溫暖",1,1.49941503874124,1.49941503874122
"女性","20至29歲","專科及以上","北北基宜蘭區","5 中間","5 中間","0-4 冷淡",1,1.49941503874124,1.49941503874122
"女性","20至29歲","專科及以上","北北基宜蘭區","5 中間","5 中間","5 中間",3,4.62164598019019,4.62164598019013
"女性","20至29歲","專科及以上","北北基宜蘭區","5 中間","5 中間","6-10 溫暖",2,2.99883007748248,2.99883007748244
"女性","20至29歲","專科及以上","北北基宜蘭區","6-10 溫暖","0-4 冷淡","0-4 冷淡",1,1.62281590270771,1.62281590270769
"女性","20至29歲","專科及以上","北北基宜蘭區","6-10 溫暖","0-4 冷淡","6-10 溫暖",1,1.49941503874124,1.49941503874122
"女性","20至29歲","專科及以上","北北基宜蘭區","6-10 溫暖","5 中間","0-4 冷淡",2,2.99883007748248,2.99883007748244
"女性","20至29歲","專科及以上","北北基宜蘭區","6-10 溫暖","6-10 溫暖","0-4 冷淡",2,2.99883007748248,2.99883007748244
"女性","20至29歲","專科及以上","桃竹苗區","0-4 冷淡","0-4 冷淡","0-4 冷淡",1,1.41162926792129,1.41162926792127
"女性","20至29歲","專科及以上","桃竹苗區","0-4 冷淡","6-10 溫暖","0-4 冷淡",2,2.82325853584258,2.82325853584254
"女性","20至29歲","專科及以上","桃竹苗區","0-4 冷淡","6-10 溫暖","5 中間",1,1.41162926792129,1.41162926792127
"女性","20至29歲","專科及以上","桃竹苗區","5 中間","0-4 冷淡","6-10 溫暖",1,1.41162926792129,1.41162926792127
"女性","20至29歲","專科及以上","桃竹苗區","5 中間","5 中間","5 中間",5,7.17432249281355,7.17432249281345
"女性","20至29歲","專科及以上","桃竹苗區","5 中間","5 中間","6-10 溫暖",2,2.82325853584258,2.82325853584254
"女性","20至29歲","專科及以上","桃竹苗區","6-10 溫暖","6-10 溫暖","6-10 溫暖",2,2.82325853584258,2.82325853584254
"女性","20至29歲","專科及以上","花東區","0-4 冷淡","0-4 冷淡","0-4 冷淡",1,1.18746929176574,1.18746929176572
"女性","20至29歲","專科及以上","花東區","6-10 溫暖","5 中間","5 中間",1,1.18746929176574,1.18746929176572
"女性","20至29歲","專科及以上","雲嘉南區","0-4 冷淡","0-4 冷淡","0-4 冷淡",2,2.6457020279002,2.64570202790016
"女性","20至29歲","專科及以上","雲嘉南區","0-4 冷淡","0-4 冷淡","6-10 溫暖",1,1.3228510139501,1.32285101395008
"女性","20至29歲","專科及以上","雲嘉南區","0-4 冷淡","5 中間","0-4 冷淡",2,2.6457020279002,2.64570202790016
"女性","20至29歲","專科及以上","雲嘉南區","0-4 冷淡","6-10 溫暖","0-4 冷淡",3,3.9685530418503,3.96855304185025
"女性","20至29歲","專科及以上","雲嘉南區","0-4 冷淡","6-10 溫暖","5 中間",1,1.3228510139501,1.32285101395008
"女性","20至29歲","專科及以上","雲嘉南區","5 中間","0-4 冷淡","6-10 溫暖",2,2.6457020279002,2.64570202790016
"女性","20至29歲","專科及以上","雲嘉南區","5 中間","5 中間","5 中間",4,5.29140405580039,5.29140405580032
"女性","20至29歲","專科及以上","雲嘉南區","5 中間","5 中間","6-10 溫暖",1,1.3228510139501,1.32285101395008
"女性","20至29歲","專科及以上","雲嘉南區","5 中間","6-10 溫暖","5 中間",1,1.3228510139501,1.32285101395008
"女性","20至29歲","專科及以上","雲嘉南區","5 中間","6-10 溫暖","6-10 溫暖",1,1.3228510139501,1.32285101395008
"女性","20至29歲","專科及以上","雲嘉南區","6-10 溫暖","0-4 冷淡","5 中間",1,1.3228510139501,1.32285101395008
"女性","20至29歲","專科及以上","雲嘉南區","6-10 溫暖","5 中間","5 中間",1,1.3228510139501,1.32285101395008
"女性","20至29歲","專科及以上","雲嘉南區","6-10 溫暖","5 中間","6-10 溫暖",1,1.3228510139501,1.32285101395008
"女性","20至29歲","專科及以上","雲嘉南區","6-10 溫暖","6-10 溫暖","5 中間",1,1.3228510139501,1.32285101395008
"女性","20至29歲","專科及以上","高屏區","0-4 冷淡","0-4 冷淡","0-4 冷淡",3,5.68401456550299,5.68401456550291
"女性","20至29歲","專科及以上","高屏區","0-4 冷淡","5 中間","0-4 冷淡",1,1.89467152183433,1.8946715218343
"女性","20至29歲","專科及以上","高屏區","0-4 冷淡","6-10 溫暖","0-4 冷淡",2,3.94527325424152,3.94527325424147
"女性","20至29歲","專科及以上","高屏區","0-4 冷淡","6-10 溫暖","6-10 溫暖",1,1.89467152183433,1.8946715218343
"女性","20至29歲","專科及以上","高屏區","5 中間","0-4 冷淡","6-10 溫暖",1,1.89467152183433,1.8946715218343
"女性","20至29歲","專科及以上","高屏區","5 中間","5 中間","5 中間",3,5.83994477607586,5.83994477607578
"女性","20至29歲","專科及以上","高屏區","5 中間","6-10 溫暖","6-10 溫暖",1,1.89467152183433,1.8946715218343
"女性","20至29歲","高中職及以下","中彰投區","0-4 冷淡","0-4 冷淡","0-4 冷淡",1,2.516101546,2.51610154599997
"女性","20至29歲","高中職及以下","北北基宜蘭區","5 中間","5 中間","5 中間",1,2.457247626,2.45724762599997
"女性","20至29歲","高中職及以下","花東區","6-10 溫暖","0-4 冷淡","5 中間",1,1.65285374008175,1.65285374008173
"女性","20至29歲","高中職及以下","花東區","6-10 溫暖","6-10 溫暖","6-10 溫暖",1,1.65285374008175,1.65285374008173
"女性","20至29歲","高中職及以下","雲嘉南區","6-10 溫暖","0-4 冷淡","0-4 冷淡",1,1.84129329586882,1.8412932958688
"女性","20至29歲","高中職及以下","雲嘉南區","6-10 溫暖","0-4 冷淡","5 中間",1,1.84129329586882,1.8412932958688
"女性","20至29歲","高中職及以下","高屏區","5 中間","5 中間","6-10 溫暖",1,2.63721759611452,2.63721759611448
"女性","20至29歲","高中職及以下","高屏區","5 中間","6-10 溫暖","6-10 溫暖",1,2.63721759611452,2.63721759611448
"女性","30至39歲","專科及以上","中彰投區","0-4 冷淡","0-4 冷淡","0-4 冷淡",7,8.78707093025496,8.78707093025484
"女性","30至39歲","專科及以上","中彰投區","0-4 冷淡","0-4 冷淡","5 中間",1,1.35860586346769,1.35860586346767
"女性","30至39歲","專科及以上","中彰投區","0-4 冷淡","0-4 冷淡","6-10 溫暖",1,1.25529584717928,1.25529584717926
"女性","30至39歲","專科及以上","中彰投區","0-4 冷淡","6-10 溫暖","0-4 冷淡",4,5.02118338871712,5.02118338871705
"女性","30至39歲","專科及以上","中彰投區","0-4 冷淡","6-10 溫暖","5 中間",1,1.25529584717928,1.25529584717926
"女性","30至39歲","專科及以上","中彰投區","5 中間","0-4 冷淡","6-10 溫暖",1,1.25529584717928,1.25529584717926
"女性","30至39歲","專科及以上","中彰投區","5 中間","5 中間","0-4 冷淡",1,1.25529584717928,1.25529584717926
"女性","30至39歲","專科及以上","中彰投區","5 中間","5 中間","5 中間",5,6.27647923589638,6.2764792358963
"女性","30至39歲","專科及以上","中彰投區","5 中間","5 中間","6-10 溫暖",1,1.25529584717928,1.25529584717926
"女性","30至39歲","專科及以上","中彰投區","5 中間","6-10 溫暖","5 中間",1,1.25529584717928,1.25529584717926
"女性","30至39歲","專科及以上","中彰投區","5 中間","6-10 溫暖","6-10 溫暖",1,1.25529584717928,1.25529584717926
"女性","30至39歲","專科及以上","中彰投區","6-10 溫暖","0-4 冷淡","0-4 冷淡",1,1.25529584717928,1.25529584717926
"女性","30至39歲","專科及以上","中彰投區","6-10 溫暖","0-4 冷淡","6-10 溫暖",3,3.76588754153784,3.76588754153779
"女性","30至39歲","專科及以上","中彰投區","6-10 溫暖","6-10 溫暖","6-10 溫暖",2,2.51059169435856,2.51059169435853
"女性","30至39歲","專科及以上","北北基宜蘭區","0-4 冷淡","0-4 冷淡","0-4 冷淡",6,7.45649346759844,7.45649346759834
"女性","30至39歲","專科及以上","北北基宜蘭區","0-4 冷淡","0-4 冷淡","5 中間",4,4.90373331145992,4.90373331145985
"女性","30至39歲","專科及以上","北北基宜蘭區","0-4 冷淡","0-4 冷淡","6-10 溫暖",3,3.67779998359494,3.67779998359489
"女性","30至39歲","專科及以上","北北基宜蘭區","0-4 冷淡","5 中間","0-4 冷淡",3,3.67779998359494,3.67779998359489
"女性","30至39歲","專科及以上","北北基宜蘭區","0-4 冷淡","5 中間","5 中間",2,2.45186665572996,2.45186665572993
"女性","30至39歲","專科及以上","北北基宜蘭區","0-4 冷淡","5 中間","6-10 溫暖",1,1.32682682827354,1.32682682827352
"女性","30至39歲","專科及以上","北北基宜蘭區","0-4 冷淡","6-10 溫暖","0-4 冷淡",12,14.7111999343798,14.7111999343796
"女性","30至39歲","專科及以上","北北基宜蘭區","0-4 冷淡","6-10 溫暖","5 中間",1,1.22593332786498,1.22593332786496
"女性","30至39歲","專科及以上","北北基宜蘭區","0-4 冷淡","6-10 溫暖","6-10 溫暖",1,1.22593332786498,1.22593332786496
"女性","30至39歲","專科及以上","北北基宜蘭區","5 中間","0-4 冷淡","0-4 冷淡",1,1.22593332786498,1.22593332786496
"女性","30至39歲","專科及以上","北北基宜蘭區","5 中間","0-4 冷淡","5 中間",2,2.45186665572996,2.45186665572993
"女性","30至39歲","專科及以上","北北基宜蘭區","5 中間","0-4 冷淡","6-10 溫暖",3,3.7786934840035,3.77869348400345
"女性","30至39歲","專科及以上","北北基宜蘭區","5 中間","5 中間","0-4 冷淡",1,1.22593332786498,1.22593332786496
"女性","30至39歲","專科及以上","北北基宜蘭區","5 中間","5 中間","5 中間",10,12.4611202794669,12.4611202794667
"女性","30至39歲","專科及以上","北北基宜蘭區","5 中間","5 中間","6-10 溫暖",1,1.22593332786498,1.22593332786496
"女性","30至39歲","專科及以上","北北基宜蘭區","5 中間","6-10 溫暖","0-4 冷淡",1,1.22593332786498,1.22593332786496
"女性","30至39歲","專科及以上","北北基宜蘭區","5 中間","6-10 溫暖","5 中間",1,1.22593332786498,1.22593332786496
"女性","30至39歲","專科及以上","北北基宜蘭區","6-10 溫暖","0-4 冷淡","0-4 冷淡",1,1.22593332786498,1.22593332786496
"女性","30至39歲","專科及以上","北北基宜蘭區","6-10 溫暖","0-4 冷淡","5 中間",1,1.32682682827354,1.32682682827352
"女性","30至39歲","專科及以上","北北基宜蘭區","6-10 溫暖","0-4 冷淡","6-10 溫暖",4,5.00462681186848,5.00462681186841
"女性","30至39歲","專科及以上","北北基宜蘭區","6-10 溫暖","6-10 溫暖","6-10 溫暖",2,2.45186665572996,2.45186665572993
"女性","30至39歲","專科及以上","桃竹苗區","0-4 冷淡","5 中間","0-4 冷淡",1,1.15415900295835,1.15415900295833
"女性","30至39歲","專科及以上","桃竹苗區","0-4 冷淡","6-10 溫暖","5 中間",1,1.15415900295835,1.15415900295833
"女性","30至39歲","專科及以上","桃竹苗區","5 中間","0-4 冷淡","0-4 冷淡",2,2.3083180059167,2.30831800591667
"女性","30至39歲","專科及以上","桃竹苗區","5 中間","0-4 冷淡","5 中間",1,1.15415900295835,1.15415900295833
"女性","30至39歲","專科及以上","桃竹苗區","5 中間","5 中間","5 中間",4,4.6166360118334,4.61663601183334
"女性","30至39歲","專科及以上","桃竹苗區","5 中間","6-10 溫暖","5 中間",1,1.15415900295835,1.15415900295833
"女性","30至39歲","專科及以上","桃竹苗區","6-10 溫暖","0-4 冷淡","0-4 冷淡",1,1.15415900295835,1.15415900295833
"女性","30至39歲","專科及以上","桃竹苗區","6-10 溫暖","0-4 冷淡","5 中間",3,3.46247700887505,3.462477008875
"女性","30至39歲","專科及以上","桃竹苗區","6-10 溫暖","0-4 冷淡","6-10 溫暖",2,2.3083180059167,2.30831800591667
"女性","30至39歲","專科及以上","桃竹苗區","6-10 溫暖","5 中間","5 中間",1,1.15415900295835,1.15415900295833
"女性","30至39歲","專科及以上","桃竹苗區","6-10 溫暖","6-10 溫暖","6-10 溫暖",1,1.24914552399479,1.24914552399477
"女性","30至39歲","專科及以上","花東區","5 中間","5 中間","5 中間",1,1.05078718924178,1.05078718924177
"女性","30至39歲","專科及以上","雲嘉南區","0-4 冷淡","0-4 冷淡","0-4 冷淡",1,1.08157321615425,1.08157321615424
"女性","30至39歲","專科及以上","雲嘉南區","0-4 冷淡","0-4 冷淡","5 中間",1,1.08157321615425,1.08157321615424
"女性","30至39歲","專科及以上","雲嘉南區","0-4 冷淡","5 中間","5 中間",1,1.08157321615425,1.08157321615424
"女性","30至39歲","專科及以上","雲嘉南區","0-4 冷淡","6-10 溫暖","0-4 冷淡",6,6.4894392969255,6.48943929692541
"女性","30至39歲","專科及以上","雲嘉南區","0-4 冷淡","6-10 溫暖","5 中間",1,1.08157321615425,1.08157321615424
"女性","30至39歲","專科及以上","雲嘉南區","5 中間","5 中間","5 中間",4,4.32629286461699,4.32629286461693
"女性","30至39歲","專科及以上","雲嘉南區","6-10 溫暖","6-10 溫暖","0-4 冷淡",2,2.1631464323085,2.16314643230847
"女性","30至39歲","專科及以上","高屏區","0-4 冷淡","0-4 冷淡","0-4 冷淡",3,4.64729425267734,4.64729425267728
"女性","30至39歲","專科及以上","高屏區","0-4 冷淡","6-10 溫暖","0-4 冷淡",3,4.77478399836026,4.7747839983602
"女性","30至39歲","專科及以上","高屏區","0-4 冷淡","6-10 溫暖","5 中間",2,3.09819616845156,3.09819616845152
"女性","30至39歲","專科及以上","高屏區","0-4 冷淡","6-10 溫暖","6-10 溫暖",1,1.54909808422578,1.54909808422576
"女性","30至39歲","專科及以上","高屏區","5 中間","5 中間","5 中間",1,1.54909808422578,1.54909808422576
"女性","30至39歲","專科及以上","高屏區","5 中間","6-10 溫暖","5 中間",1,1.6765878299087,1.67658782990868
"女性","30至39歲","高中職及以下","北北基宜蘭區","0-4 冷淡","0-4 冷淡","0-4 冷淡",1,1.70639232534549,1.70639232534547
"女性","30至39歲","高中職及以下","北北基宜蘭區","0-4 冷淡","6-10 溫暖","0-4 冷淡",1,1.70639232534549,1.70639232534547
"女性","30至39歲","高中職及以下","北北基宜蘭區","5 中間","5 中間","5 中間",2,3.41278465069097,3.41278465069092
"女性","30至39歲","高中職及以下","北北基宜蘭區","5 中間","5 中間","6-10 溫暖",1,1.70639232534549,1.70639232534547
"女性","30至39歲","高中職及以下","北北基宜蘭區","6-10 溫暖","0-4 冷淡","6-10 溫暖",1,1.70639232534549,1.70639232534547
"女性","30至39歲","高中職及以下","北北基宜蘭區","6-10 溫暖","5 中間","6-10 溫暖",1,1.70639232534549,1.70639232534547
"女性","30至39歲","高中職及以下","桃竹苗區","5 中間","5 中間","5 中間",4,6.71090675869202,6.71090675869193
"女性","30至39歲","高中職及以下","桃竹苗區","5 中間","5 中間","6-10 溫暖",1,1.60648872178589,1.60648872178587
"女性","30至39歲","高中職及以下","桃竹苗區","6-10 溫暖","0-4 冷淡","0-4 冷淡",1,1.60648872178589,1.60648872178587
"女性","30至39歲","高中職及以下","花東區","0-4 冷淡","6-10 溫暖","0-4 冷淡",1,1.35138599633732,1.3513859963373
"女性","30至39歲","高中職及以下","花東區","5 中間","5 中間","5 中間",1,1.35138599633732,1.3513859963373
"女性","30至39歲","高中職及以下","雲嘉南區","0-4 冷淡","6-10 溫暖","6-10 溫暖",1,1.77248670283185,1.77248670283183
"女性","30至39歲","高中職及以下","雲嘉南區","5 中間","0-4 冷淡","6-10 溫暖",1,1.50545563400174,1.50545563400172
"女性","30至39歲","高中職及以下","雲嘉南區","6-10 溫暖","0-4 冷淡","6-10 溫暖",1,1.50545563400174,1.50545563400172
"女性","30至39歲","高中職及以下","雲嘉南區","6-10 溫暖","6-10 溫暖","0-4 冷淡",1,1.50545563400174,1.50545563400172
"女性","30至39歲","高中職及以下","高屏區","0-4 冷淡","5 中間","0-4 冷淡",1,2.15620949528618,2.15620949528615
"女性","30至39歲","高中職及以下","高屏區","5 中間","0-4 冷淡","5 中間",1,2.15620949528618,2.15620949528615
"女性","30至39歲","高中職及以下","高屏區","5 中間","5 中間","0-4 冷淡",1,2.15620949528618,2.15620949528615
"女性","40至49歲","專科及以上","中彰投區","0-4 冷淡","0-4 冷淡","0-4 冷淡",3,2.88147160794949,2.88147160794945
"女性","40至49歲","專科及以上","中彰投區","0-4 冷淡","0-4 冷淡","6-10 溫暖",1,0.93484483259524,0.934844832595227
"女性","40至49歲","專科及以上","中彰投區","0-4 冷淡","5 中間","0-4 冷淡",4,3.8932535507085,3.89325355070845
"女性","40至49歲","專科及以上","中彰投區","0-4 冷淡","6-10 溫暖","0-4 冷淡",8,7.55569577092569,7.55569577092559
"女性","40至49歲","專科及以上","中彰投區","0-4 冷淡","6-10 溫暖","5 中間",1,0.93484483259524,0.934844832595227
"女性","40至49歲","專科及以上","中彰投區","0-4 冷淡","6-10 溫暖","6-10 溫暖",1,1.01178194275901,1.011781942759
"女性","40至49歲","專科及以上","中彰投區","5 中間","0-4 冷淡","0-4 冷淡",2,1.86968966519048,1.86968966519045
"女性","40至49歲","專科及以上","中彰投區","5 中間","0-4 冷淡","5 中間",1,1.01178194275901,1.011781942759
"女性","40至49歲","專科及以上","中彰投區","5 中間","5 中間","0-4 冷淡",2,1.86968966519048,1.86968966519045
"女性","40至49歲","專科及以上","中彰投區","5 中間","5 中間","5 中間",3,2.80453449778572,2.80453449778568
"女性","40至49歲","專科及以上","中彰投區","5 中間","6-10 溫暖","0-4 冷淡",2,1.86968966519048,1.86968966519045
"女性","40至49歲","專科及以上","中彰投區","6-10 溫暖","0-4 冷淡","5 中間",2,1.94662677535425,1.94662677535422
"女性","40至49歲","專科及以上","中彰投區","6-10 溫暖","0-4 冷淡","6-10 溫暖",3,2.88147160794949,2.88147160794945
"女性","40至49歲","專科及以上","中彰投區","6-10 溫暖","5 中間","0-4 冷淡",1,0.93484483259524,0.934844832595227
"女性","40至49歲","專科及以上","北北基宜蘭區","0-4 冷淡","0-4 冷淡","0-4 冷淡",6,5.47786773565509,5.47786773565501
"女性","40至49歲","專科及以上","北北基宜蘭區","0-4 冷淡","0-4 冷淡","5 中間",1,0.912977955942515,0.912977955942503
"女性","40至49歲","專科及以上","北北基宜蘭區","0-4 冷淡","0-4 冷淡","6-10 溫暖",9,8.36707656489723,8.36707656489712
"女性","40至49歲","專科及以上","北北基宜蘭區","0-4 冷淡","5 中間","0-4 冷淡",3,2.81407134853484,2.8140713485348
"女性","40至49歲","專科及以上","北北基宜蘭區","0-4 冷淡","5 中間","5 中間",2,1.82595591188503,1.82595591188501
"女性","40至49歲","專科及以上","北北基宜蘭區","0-4 冷淡","6-10 溫暖","0-4 冷淡",15,13.8449443005523,13.8449443005521
"女性","40至49歲","專科及以上","北北基宜蘭區","0-4 冷淡","6-10 溫暖","5 中間",1,0.912977955942515,0.912977955942503
"女性","40至49歲","專科及以上","北北基宜蘭區","5 中間","0-4 冷淡","5 中間",1,0.988115436649813,0.9881154366498
"女性","40至49歲","專科及以上","北北基宜蘭區","5 中間","0-4 冷淡","6-10 溫暖",4,3.95246174659925,3.9524617465992
"女性","40至49歲","專科及以上","北北基宜蘭區","5 中間","5 中間","0-4 冷淡",4,3.72704930447736,3.72704930447731
"女性","40至49歲","專科及以上","北北基宜蘭區","5 中間","5 中間","5 中間",9,8.36707656489723,8.36707656489712
"女性","40至49歲","專科及以上","北北基宜蘭區","5 中間","6-10 溫暖","0-4 冷淡",1,0.912977955942515,0.912977955942503
"女性","40至49歲","專科及以上","北北基宜蘭區","5 中間","6-10 溫暖","5 中間",2,1.82595591188503,1.82595591188501
"女性","40至49歲","專科及以上","北北基宜蘭區","5 中間","6-10 溫暖","6-10 溫暖",2,1.90109339259233,1.9010933925923
"女性","40至49歲","專科及以上","北北基宜蘭區","6-10 溫暖","0-4 冷淡","0-4 冷淡",2,1.90109339259233,1.9010933925923
"女性","40至49歲","專科及以上","北北基宜蘭區","6-10 溫暖","0-4 冷淡","5 中間",6,5.70328017777698,5.70328017777691
"女性","40至49歲","專科及以上","北北基宜蘭區","6-10 溫暖","0-4 冷淡","6-10 溫暖",6,5.47786773565509,5.47786773565501
"女性","40至49歲","專科及以上","北北基宜蘭區","6-10 溫暖","5 中間","0-4 冷淡",1,0.912977955942515,0.912977955942503
"女性","40至49歲","專科及以上","北北基宜蘭區","6-10 溫暖","5 中間","6-10 溫暖",1,0.912977955942515,0.912977955942503
"女性","40至49歲","專科及以上","北北基宜蘭區","6-10 溫暖","6-10 溫暖","0-4 冷淡",2,1.82595591188503,1.82595591188501
"女性","40至49歲","專科及以上","北北基宜蘭區","6-10 溫暖","6-10 溫暖","6-10 溫暖",3,2.81407134853484,2.8140713485348
"女性","40至49歲","專科及以上","桃竹苗區","0-4 冷淡","0-4 冷淡","0-4 冷淡",2,1.71905225741545,1.71905225741543
"女性","40至49歲","專科及以上","桃竹苗區","0-4 冷淡","0-4 冷淡","5 中間",1,0.859526128707727,0.859526128707715
"女性","40至49歲","專科及以上","桃竹苗區","0-4 冷淡","0-4 冷淡","6-10 溫暖",2,1.71905225741545,1.71905225741543
"女性","40至49歲","專科及以上","桃竹苗區","0-4 冷淡","5 中間","0-4 冷淡",2,1.71905225741545,1.71905225741543
"女性","40至49歲","專科及以上","桃竹苗區","0-4 冷淡","5 中間","5 中間",1,0.930264559458253,0.93026455945824
"女性","40至49歲","專科及以上","桃竹苗區","0-4 冷淡","6-10 溫暖","0-4 冷淡",3,2.64931681687371,2.64931681687367
"女性","40至49歲","專科及以上","桃竹苗區","0-4 冷淡","6-10 溫暖","6-10 溫暖",1,0.859526128707727,0.859526128707715
"女性","40至49歲","專科及以上","桃竹苗區","5 中間","0-4 冷淡","0-4 冷淡",1,0.859526128707727,0.859526128707715
"女性","40至49歲","專科及以上","桃竹苗區","5 中間","0-4 冷淡","5 中間",1,0.859526128707727,0.859526128707715
"女性","40至49歲","專科及以上","桃竹苗區","5 中間","0-4 冷淡","6-10 溫暖",1,0.859526128707727,0.859526128707715
"女性","40至49歲","專科及以上","桃竹苗區","5 中間","5 中間","5 中間",5,4.50984593579021,4.50984593579015
"女性","40至49歲","專科及以上","桃竹苗區","5 中間","6-10 溫暖","0-4 冷淡",1,0.930264559458253,0.93026455945824
"女性","40至49歲","專科及以上","桃竹苗區","6-10 溫暖","0-4 冷淡","5 中間",2,1.71905225741545,1.71905225741543
"女性","40至49歲","專科及以上","桃竹苗區","6-10 溫暖","0-4 冷淡","6-10 溫暖",1,0.930264559458253,0.93026455945824
"女性","40至49歲","專科及以上","桃竹苗區","6-10 溫暖","5 中間","6-10 溫暖",2,1.71905225741545,1.71905225741543
"女性","40至49歲","專科及以上","桃竹苗區","6-10 溫暖","6-10 溫暖","0-4 冷淡",1,0.859526128707727,0.859526128707715
"女性","40至49歲","專科及以上","桃竹苗區","6-10 溫暖","6-10 溫暖","6-10 溫暖",2,1.71905225741545,1.71905225741543
"女性","40至49歲","專科及以上","花東區","0-4 冷淡","5 中間","5 中間",1,0.723037490440886,0.723037490440876
"女性","40至49歲","專科及以上","花東區","0-4 冷淡","6-10 溫暖","0-4 冷淡",4,2.89214996176354,2.8921499617635
"女性","40至49歲","專科及以上","花東區","6-10 溫暖","6-10 溫暖","6-10 溫暖",1,0.723037490440886,0.723037490440876
"女性","40至49歲","專科及以上","雲嘉南區","0-4 冷淡","0-4 冷淡","0-4 冷淡",1,0.805469988980862,0.805469988980851
"女性","40至49歲","專科及以上","雲嘉南區","0-4 冷淡","0-4 冷淡","5 中間",2,1.67722962398086,1.67722962398084
"女性","40至49歲","專科及以上","雲嘉南區","0-4 冷淡","5 中間","0-4 冷淡",2,1.67722962398086,1.67722962398084
"女性","40至49歲","專科及以上","雲嘉南區","0-4 冷淡","6-10 溫暖","0-4 冷淡",8,6.64262884990431,6.64262884990422
"女性","40至49歲","專科及以上","雲嘉南區","0-4 冷淡","6-10 溫暖","5 中間",2,1.61093997796172,1.6109399779617
"女性","40至49歲","專科及以上","雲嘉南區","0-4 冷淡","6-10 溫暖","6-10 溫暖",1,0.805469988980862,0.805469988980851
"女性","40至49歲","專科及以上","雲嘉南區","5 中間","0-4 冷淡","5 中間",2,1.61093997796172,1.6109399779617
"女性","40至49歲","專科及以上","雲嘉南區","5 中間","6-10 溫暖","0-4 冷淡",1,0.871759635,0.871759634999988
"女性","40至49歲","專科及以上","雲嘉南區","5 中間","6-10 溫暖","5 中間",1,0.805469988980862,0.805469988980851
"女性","40至49歲","專科及以上","雲嘉南區","5 中間","6-10 溫暖","6-10 溫暖",1,0.805469988980862,0.805469988980851
"女性","40至49歲","專科及以上","雲嘉南區","6-10 溫暖","0-4 冷淡","6-10 溫暖",1,0.805469988980862,0.805469988980851
"女性","40至49歲","專科及以上","雲嘉南區","6-10 溫暖","5 中間","6-10 溫暖",1,0.805469988980862,0.805469988980851
"女性","40至49歲","專科及以上","雲嘉南區","6-10 溫暖","6-10 溫暖","0-4 冷淡",1,0.805469988980862,0.805469988980851
"女性","40至49歲","專科及以上","雲嘉南區","6-10 溫暖","6-10 溫暖","5 中間",2,1.67722962398086,1.67722962398084
"女性","40至49歲","專科及以上","高屏區","0-4 冷淡","0-4 冷淡","6-10 溫暖",1,1.15364544738658,1.15364544738656
"女性","40至49歲","專科及以上","高屏區","0-4 冷淡","6-10 溫暖","0-4 冷淡",3,3.55588059791298,3.55588059791293
"女性","40至49歲","專科及以上","高屏區","0-4 冷淡","6-10 溫暖","5 中間",1,1.24858970313982,1.2485897031398
"女性","40至49歲","專科及以上","高屏區","0-4 冷淡","6-10 溫暖","6-10 溫暖",1,1.15364544738658,1.15364544738656
"女性","40至49歲","專科及以上","高屏區","5 中間","0-4 冷淡","0-4 冷淡",1,1.15364544738658,1.15364544738656
"女性","40至49歲","專科及以上","高屏區","5 中間","0-4 冷淡","5 中間",1,1.15364544738658,1.15364544738656
"女性","40至49歲","專科及以上","高屏區","5 中間","5 中間","5 中間",3,3.65082485366622,3.65082485366617
"女性","40至49歲","專科及以上","高屏區","6-10 溫暖","0-4 冷淡","5 中間",1,1.15364544738658,1.15364544738656
"女性","40至49歲","專科及以上","高屏區","6-10 溫暖","6-10 溫暖","0-4 冷淡",1,1.15364544738658,1.15364544738656
"女性","40至49歲","專科及以上","高屏區","6-10 溫暖","6-10 溫暖","5 中間",1,1.15364544738658,1.15364544738656
"女性","40至49歲","專科及以上","高屏區","6-10 溫暖","6-10 溫暖","6-10 溫暖",2,2.4022351505264,2.40223515052637
"女性","40至49歲","高中職及以下","中彰投區","0-4 冷淡","0-4 冷淡","0-4 冷淡",3,3.90366754407651,3.90366754407646
"女性","40至49歲","高中職及以下","中彰投區","0-4 冷淡","6-10 溫暖","0-4 冷淡",2,2.60244502938433,2.6024450293843
"女性","40至49歲","高中職及以下","中彰投區","0-4 冷淡","6-10 溫暖","5 中間",2,2.60244502938434,2.6024450293843
"女性","40至49歲","高中職及以下","中彰投區","5 中間","5 中間","5 中間",1,1.53202761517887,1.53202761517885
"女性","40至49歲","高中職及以下","中彰投區","5 中間","6-10 溫暖","0-4 冷淡",1,1.30122251469217,1.30122251469215
"女性","40至49歲","高中職及以下","中彰投區","5 中間","6-10 溫暖","5 中間",1,1.30122251469217,1.30122251469215
"女性","40至49歲","高中職及以下","中彰投區","6-10 溫暖","0-4 冷淡","5 中間",2,2.60244502938434,2.6024450293843
"女性","40至49歲","高中職及以下","中彰投區","6-10 溫暖","5 中間","5 中間",1,1.30122251469217,1.30122251469215
"女性","40至49歲","高中職及以下","中彰投區","6-10 溫暖","6-10 溫暖","6-10 溫暖",2,2.83325012987104,2.833250129871
"女性","40至49歲","高中職及以下","北北基宜蘭區","0-4 冷淡","0-4 冷淡","0-4 冷淡",1,1.27078572857063,1.27078572857061
"女性","40至49歲","高中職及以下","北北基宜蘭區","0-4 冷淡","6-10 溫暖","0-4 冷淡",1,1.27078572857063,1.27078572857061
"女性","40至49歲","高中職及以下","北北基宜蘭區","5 中間","0-4 冷淡","5 中間",1,1.27078572857063,1.27078572857061
"女性","40至49歲","高中職及以下","北北基宜蘭區","5 中間","5 中間","5 中間",4,5.30854927212532,5.30854927212525
"女性","40至49歲","高中職及以下","北北基宜蘭區","6-10 溫暖","0-4 冷淡","5 中間",3,4.26316990139749,4.26316990139743
"女性","40至49歲","高中職及以下","北北基宜蘭區","6-10 溫暖","0-4 冷淡","6-10 溫暖",1,1.27078572857063,1.27078572857061
"女性","40至49歲","高中職及以下","桃竹苗區","0-4 冷淡","5 中間","0-4 冷淡",1,1.36024538952135,1.36024538952133
"女性","40至49歲","高中職及以下","桃竹苗區","0-4 冷淡","6-10 溫暖","0-4 冷淡",1,1.19638544456173,1.19638544456171
"女性","40至49歲","高中職及以下","桃竹苗區","5 中間","0-4 冷淡","0-4 冷淡",1,1.40859500874854,1.40859500874852
"女性","40至49歲","高中職及以下","桃竹苗區","5 中間","0-4 冷淡","5 中間",2,2.60498045331027,2.60498045331023
"女性","40至49歲","高中職及以下","桃竹苗區","5 中間","5 中間","0-4 冷淡",2,2.60498045331027,2.60498045331023
"女性","40至49歲","高中職及以下","桃竹苗區","5 中間","5 中間","5 中間",3,3.75301627864481,3.75301627864476
"女性","40至49歲","高中職及以下","桃竹苗區","6-10 溫暖","0-4 冷淡","6-10 溫暖",1,1.19638544456173,1.19638544456171
"女性","40至49歲","高中職及以下","桃竹苗區","6-10 溫暖","5 中間","5 中間",1,1.19638544456173,1.19638544456171
"女性","40至49歲","高中職及以下","桃竹苗區","6-10 溫暖","5 中間","6-10 溫暖",2,2.39277088912346,2.39277088912343
"女性","40至49歲","高中職及以下","花東區","0-4 冷淡","6-10 溫暖","5 中間",1,1.00640515807991,1.0064051580799
"女性","40至49歲","高中職及以下","雲嘉南區","0-4 冷淡","0-4 冷淡","0-4 冷淡",3,3.36343203072891,3.36343203072886
"女性","40至49歲","高中職及以下","雲嘉南區","0-4 冷淡","6-10 溫暖","0-4 冷淡",2,2.24228802048594,2.24228802048591
"女性","40至49歲","高中職及以下","雲嘉南區","5 中間","0-4 冷淡","0-4 冷淡",1,1.12114401024297,1.12114401024295
"女性","40至49歲","高中職及以下","雲嘉南區","5 中間","5 中間","5 中間",5,5.60572005121486,5.60572005121478
"女性","40至49歲","高中職及以下","雲嘉南區","5 中間","5 中間","6-10 溫暖",1,1.12114401024297,1.12114401024295
"女性","40至49歲","高中職及以下","雲嘉南區","5 中間","6-10 溫暖","5 中間",1,1.12114401024297,1.12114401024295
"女性","40至49歲","高中職及以下","雲嘉南區","6-10 溫暖","5 中間","5 中間",1,1.12114401024297,1.12114401024295
"女性","40至49歲","高中職及以下","雲嘉南區","6-10 溫暖","6-10 溫暖","5 中間",1,1.12114401024297,1.12114401024295
"女性","40至49歲","高中職及以下","雲嘉南區","6-10 溫暖","6-10 溫暖","6-10 溫暖",2,2.395842710277,2.39584271027697
"女性","40至49歲","高中職及以下","高屏區","0-4 冷淡","0-4 冷淡","0-4 冷淡",1,1.60577389719764,1.60577389719762
"女性","40至49歲","高中職及以下","高屏區","0-4 冷淡","6-10 溫暖","0-4 冷淡",4,6.42309558879056,6.42309558879047
"女性","40至49歲","高中職及以下","高屏區","5 中間","5 中間","0-4 冷淡",1,1.60577389719764,1.60577389719762
"女性","40至49歲","高中職及以下","高屏區","5 中間","6-10 溫暖","5 中間",1,1.60577389719764,1.60577389719762
"女性","40至49歲","高中職及以下","高屏區","6-10 溫暖","0-4 冷淡","5 中間",1,1.60577389719764,1.60577389719762
"女性","50至59歲","專科及以上","中彰投區","0-4 冷淡","0-4 冷淡","0-4 冷淡",1,0.913625890798589,0.913625890798577
"女性","50至59歲","專科及以上","中彰投區","0-4 冷淡","0-4 冷淡","6-10 溫暖",1,0.844152684331624,0.844152684331613
"女性","50至59歲","專科及以上","中彰投區","0-4 冷淡","6-10 溫暖","0-4 冷淡",1,0.844152684331624,0.844152684331613
"女性","50至59歲","專科及以上","中彰投區","5 中間","0-4 冷淡","0-4 冷淡",2,1.75777857513021,1.75777857513019
"女性","50至59歲","專科及以上","中彰投區","5 中間","5 中間","5 中間",1,0.844152684331624,0.844152684331613
"女性","50至59歲","專科及以上","中彰投區","5 中間","6-10 溫暖","0-4 冷淡",1,0.913625890798589,0.913625890798577
"女性","50至59歲","專科及以上","中彰投區","5 中間","6-10 溫暖","6-10 溫暖",1,0.844152684331624,0.844152684331613
"女性","50至59歲","專科及以上","中彰投區","6-10 溫暖","0-4 冷淡","0-4 冷淡",1,0.913625890798589,0.913625890798577
"女性","50至59歲","專科及以上","中彰投區","6-10 溫暖","0-4 冷淡","5 中間",2,1.75777857513021,1.75777857513019
"女性","50至59歲","專科及以上","中彰投區","6-10 溫暖","0-4 冷淡","6-10 溫暖",2,1.75777857513021,1.75777857513019
"女性","50至59歲","專科及以上","中彰投區","6-10 溫暖","5 中間","6-10 溫暖",1,0.844152684331624,0.844152684331613
"女性","50至59歲","專科及以上","北北基宜蘭區","0-4 冷淡","0-4 冷淡","0-4 冷淡",1,0.824407180071732,0.824407180071721
"女性","50至59歲","專科及以上","北北基宜蘭區","0-4 冷淡","0-4 冷淡","5 中間",1,0.824407180071732,0.824407180071721
"女性","50至59歲","專科及以上","北北基宜蘭區","0-4 冷淡","5 中間","0-4 冷淡",2,1.64881436014346,1.64881436014344
"女性","50至59歲","專科及以上","北北基宜蘭區","0-4 冷淡","6-10 溫暖","0-4 冷淡",6,4.94644308043039,4.94644308043032
"女性","50至59歲","專科及以上","北北基宜蘭區","0-4 冷淡","6-10 溫暖","5 中間",2,1.64881436014346,1.64881436014344
"女性","50至59歲","專科及以上","北北基宜蘭區","5 中間","0-4 冷淡","0-4 冷淡",6,5.0142912449829,5.01429124498283
"女性","50至59歲","專科及以上","北北基宜蘭區","5 中間","0-4 冷淡","5 中間",1,0.824407180071732,0.824407180071721
"女性","50至59歲","專科及以上","北北基宜蘭區","5 中間","0-4 冷淡","6-10 溫暖",2,1.64881436014346,1.64881436014344
"女性","50至59歲","專科及以上","北北基宜蘭區","5 中間","5 中間","0-4 冷淡",2,1.71666252469597,1.71666252469595
"女性","50至59歲","專科及以上","北北基宜蘭區","5 中間","5 中間","5 中間",8,6.79880193423138,6.79880193423129
"女性","50至59歲","專科及以上","北北基宜蘭區","5 中間","6-10 溫暖","0-4 冷淡",2,1.78451068924848,1.78451068924845
"女性","50至59歲","專科及以上","北北基宜蘭區","5 中間","6-10 溫暖","5 中間",1,0.892255344624238,0.892255344624226
"女性","50至59歲","專科及以上","北北基宜蘭區","5 中間","6-10 溫暖","6-10 溫暖",1,0.824407180071732,0.824407180071721
"女性","50至59歲","專科及以上","北北基宜蘭區","6-10 溫暖","0-4 冷淡","0-4 冷淡",6,5.08213940953541,5.08213940953534
"女性","50至59歲","專科及以上","北北基宜蘭區","6-10 溫暖","0-4 冷淡","5 中間",6,5.0821394095354,5.08213940953533
"女性","50至59歲","專科及以上","北北基宜蘭區","6-10 溫暖","0-4 冷淡","6-10 溫暖",6,5.0142912449829,5.01429124498283
"女性","50至59歲","專科及以上","北北基宜蘭區","6-10 溫暖","5 中間","6-10 溫暖",1,0.892255344624238,0.892255344624226
"女性","50至59歲","專科及以上","北北基宜蘭區","6-10 溫暖","6-10 溫暖","5 中間",1,0.824407180071732,0.824407180071721
"女性","50至59歲","專科及以上","桃竹苗區","0-4 冷淡","0-4 冷淡","0-4 冷淡",3,2.45617439253309,2.45617439253306
"女性","50至59歲","專科及以上","桃竹苗區","0-4 冷淡","5 中間","5 中間",1,0.840016757460395,0.840016757460384
"女性","50至59歲","專科及以上","桃竹苗區","0-4 冷淡","6-10 溫暖","0-4 冷淡",2,1.55228175522461,1.55228175522459
"女性","50至59歲","專科及以上","桃竹苗區","0-4 冷淡","6-10 溫暖","5 中間",1,0.776140877612304,0.776140877612294
"女性","50至59歲","專科及以上","桃竹苗區","5 中間","0-4 冷淡","5 中間",1,0.840016757460395,0.840016757460384
"女性","50至59歲","專科及以上","桃竹苗區","5 中間","5 中間","0-4 冷淡",1,0.776140877612304,0.776140877612294
"女性","50至59歲","專科及以上","桃竹苗區","5 中間","5 中間","5 中間",1,0.840016757460395,0.840016757460384
"女性","50至59歲","專科及以上","桃竹苗區","5 中間","6-10 溫暖","0-4 冷淡",1,0.840016757460395,0.840016757460384
"女性","50至59歲","專科及以上","桃竹苗區","6-10 溫暖","0-4 冷淡","5 中間",1,0.776140877612304,0.776140877612294
"女性","50至59歲","專科及以上","桃竹苗區","6-10 溫暖","0-4 冷淡","6-10 溫暖",3,2.32842263283691,2.32842263283688
"女性","50至59歲","專科及以上","桃竹苗區","6-10 溫暖","5 中間","6-10 溫暖",1,0.776140877612304,0.776140877612294
"女性","50至59歲","專科及以上","桃竹苗區","6-10 溫暖","6-10 溫暖","5 中間",1,0.776140877612304,0.776140877612294
"女性","50至59歲","專科及以上","桃竹苗區","6-10 溫暖","6-10 溫暖","6-10 溫暖",1,0.840016757460395,0.840016757460384
"女性","50至59歲","專科及以上","花東區","6-10 溫暖","0-4 冷淡","0-4 冷淡",1,0.65289341840149,0.652893418401481
"女性","50至59歲","專科及以上","花東區","6-10 溫暖","0-4 冷淡","5 中間",1,0.70662611403752,0.70662611403751
"女性","50至59歲","專科及以上","花東區","6-10 溫暖","6-10 溫暖","0-4 冷淡",1,0.70662611403752,0.70662611403751
"女性","50至59歲","專科及以上","雲嘉南區","0-4 冷淡","0-4 冷淡","0-4 冷淡",1,0.727328888858662,0.727328888858652
"女性","50至59歲","專科及以上","雲嘉南區","0-4 冷淡","6-10 溫暖","0-4 冷淡",6,4.48369070419859,4.48369070419853
"女性","50至59歲","專科及以上","雲嘉南區","5 中間","5 中間","5 中間",2,1.51451646324063,1.51451646324061
"女性","50至59歲","專科及以上","雲嘉南區","6-10 溫暖","6-10 溫暖","0-4 冷淡",1,0.727328888858662,0.727328888858652
"女性","50至59歲","專科及以上","雲嘉南區","6-10 溫暖","6-10 溫暖","5 中間",1,0.787187574381973,0.787187574381962
"女性","50至59歲","專科及以上","高屏區","0-4 冷淡","0-4 冷淡","0-4 冷淡",2,2.16918699233014,2.16918699233011
"女性","50至59歲","專科及以上","高屏區","0-4 冷淡","5 中間","0-4 冷淡",1,1.12746020813772,1.1274602081377
"女性","50至59歲","專科及以上","高屏區","0-4 冷淡","6-10 溫暖","0-4 冷淡",5,5.2943673449074,5.29436734490733
"女性","50至59歲","專科及以上","高屏區","5 中間","0-4 冷淡","5 中間",1,1.04172678419242,1.04172678419241
"女性","50至59歲","專科及以上","高屏區","5 中間","5 中間","0-4 冷淡",1,1.04172678419242,1.04172678419241
"女性","50至59歲","專科及以上","高屏區","5 中間","5 中間","5 中間",5,5.3801007688527,5.38010076885263
"女性","50至59歲","專科及以上","高屏區","5 中間","6-10 溫暖","0-4 冷淡",1,1.12746020813772,1.1274602081377
"女性","50至59歲","專科及以上","高屏區","5 中間","6-10 溫暖","5 中間",1,1.12746020813772,1.1274602081377
"女性","50至59歲","專科及以上","高屏區","6-10 溫暖","0-4 冷淡","0-4 冷淡",2,2.16918699233014,2.16918699233011
"女性","50至59歲","專科及以上","高屏區","6-10 溫暖","0-4 冷淡","5 中間",1,1.04172678419242,1.04172678419241
"女性","50至59歲","專科及以上","高屏區","6-10 溫暖","6-10 溫暖","0-4 冷淡",1,1.04172678419242,1.04172678419241
"女性","50至59歲","高中職及以下","中彰投區","0-4 冷淡","0-4 冷淡","0-4 冷淡",1,1.17498695012387,1.17498695012385
"女性","50至59歲","高中職及以下","中彰投區","0-4 冷淡","5 中間","0-4 冷淡",1,1.3834009439119,1.38340094391188
"女性","50至59歲","高中職及以下","中彰投區","0-4 冷淡","6-10 溫暖","0-4 冷淡",4,4.90836179428351,4.90836179428344
"女性","50至59歲","高中職及以下","中彰投區","5 中間","0-4 冷淡","0-4 冷淡",1,1.17498695012387,1.17498695012385
"女性","50至59歲","高中職及以下","中彰投區","5 中間","0-4 冷淡","5 中間",1,1.17498695012387,1.17498695012385
"女性","50至59歲","高中職及以下","中彰投區","5 中間","0-4 冷淡","6-10 溫暖",1,1.3834009439119,1.38340094391188
"女性","50至59歲","高中職及以下","中彰投區","5 中間","5 中間","0-4 冷淡",1,1.17498695012387,1.17498695012385
"女性","50至59歲","高中職及以下","中彰投區","5 中間","5 中間","5 中間",3,3.73337484415963,3.73337484415958
"女性","50至59歲","高中職及以下","中彰投區","5 中間","6-10 溫暖","0-4 冷淡",1,1.17498695012387,1.17498695012385
"女性","50至59歲","高中職及以下","中彰投區","5 中間","6-10 溫暖","5 中間",1,1.17498695012387,1.17498695012385
"女性","50至59歲","高中職及以下","中彰投區","6-10 溫暖","0-4 冷淡","0-4 冷淡",5,6.08334874440738,6.0833487444073
"女性","50至59歲","高中職及以下","中彰投區","6-10 溫暖","0-4 冷淡","5 中間",3,3.52496085037161,3.52496085037156
"女性","50至59歲","高中職及以下","中彰投區","6-10 溫暖","0-4 冷淡","6-10 溫暖",3,3.73337484415964,3.73337484415959
"女性","50至59歲","高中職及以下","中彰投區","6-10 溫暖","5 中間","5 中間",1,1.17498695012387,1.17498695012385
"女性","50至59歲","高中職及以下","北北基宜蘭區","0-4 冷淡","0-4 冷淡","0-4 冷淡",1,1.35104192908181,1.35104192908179
"女性","50至59歲","高中職及以下","北北基宜蘭區","0-4 冷淡","5 中間","0-4 冷淡",2,2.29500585889782,2.29500585889779
"女性","50至59歲","高中職及以下","北北基宜蘭區","0-4 冷淡","5 中間","5 中間",1,1.35104192908181,1.35104192908179
"女性","50至59歲","高中職及以下","北北基宜蘭區","0-4 冷淡","6-10 溫暖","0-4 冷淡",10,12.0856462933878,12.0856462933876
"女性","50至59歲","高中職及以下","北北基宜蘭區","5 中間","0-4 冷淡","0-4 冷淡",1,1.14750292944891,1.14750292944889
"女性","50至59歲","高中職及以下","北北基宜蘭區","5 中間","5 中間","0-4 冷淡",1,1.14750292944891,1.14750292944889
"女性","50至59歲","高中職及以下","北北基宜蘭區","5 中間","5 中間","5 中間",3,3.64604778797963,3.64604778797958
"女性","50至59歲","高中職及以下","北北基宜蘭區","5 中間","6-10 溫暖","0-4 冷淡",2,2.65570973187083,2.65570973187079
"女性","50至59歲","高中職及以下","北北基宜蘭區","6-10 溫暖","0-4 冷淡","0-4 冷淡",3,3.64604778797963,3.64604778797958
"女性","50至59歲","高中職及以下","北北基宜蘭區","6-10 溫暖","0-4 冷淡","5 中間",4,4.59001171779564,4.59001171779558
"女性","50至59歲","高中職及以下","北北基宜蘭區","6-10 溫暖","0-4 冷淡","6-10 溫暖",3,3.44250878834673,3.44250878834668
"女性","50至59歲","高中職及以下","北北基宜蘭區","6-10 溫暖","5 中間","6-10 溫暖",1,1.14750292944891,1.14750292944889
"女性","50至59歲","高中職及以下","北北基宜蘭區","6-10 溫暖","6-10 溫暖","0-4 冷淡",1,1.14750292944891,1.14750292944889
"女性","50至59歲","高中職及以下","北北基宜蘭區","6-10 溫暖","6-10 溫暖","5 中間",1,1.14750292944891,1.14750292944889
"女性","50至59歲","高中職及以下","北北基宜蘭區","6-10 溫暖","6-10 溫暖","6-10 溫暖",1,1.14750292944891,1.14750292944889
"女性","50至59歲","高中職及以下","桃竹苗區","0-4 冷淡","0-4 冷淡","0-4 冷淡",4,4.66086763472119,4.66086763472113
"女性","50至59歲","高中職及以下","桃竹苗區","0-4 冷淡","5 中間","5 中間",1,1.08032044389482,1.08032044389481
"女性","50至59歲","高中職及以下","桃竹苗區","0-4 冷淡","6-10 溫暖","0-4 冷淡",2,2.16064088778964,2.16064088778961
"女性","50至59歲","高中職及以下","桃竹苗區","5 中間","5 中間","0-4 冷淡",1,1.08032044389482,1.08032044389481
"女性","50至59歲","高中職及以下","桃竹苗區","5 中間","5 中間","5 中間",2,2.16064088778964,2.16064088778961
"女性","50至59歲","高中職及以下","桃竹苗區","5 中間","6-10 溫暖","0-4 冷淡",1,1.08032044389482,1.08032044389481
"女性","50至59歲","高中職及以下","桃竹苗區","6-10 溫暖","0-4 冷淡","0-4 冷淡",1,1.27194291107136,1.27194291107134
"女性","50至59歲","高中職及以下","桃竹苗區","6-10 溫暖","0-4 冷淡","5 中間",1,1.08032044389482,1.08032044389481
"女性","50至59歲","高中職及以下","桃竹苗區","6-10 溫暖","0-4 冷淡","6-10 溫暖",1,1.08032044389482,1.08032044389481
"女性","50至59歲","高中職及以下","桃竹苗區","6-10 溫暖","5 中間","5 中間",1,1.08032044389482,1.08032044389481
"女性","50至59歲","高中職及以下","桃竹苗區","6-10 溫暖","5 中間","6-10 溫暖",1,1.08032044389482,1.08032044389481
"女性","50至59歲","高中職及以下","桃竹苗區","6-10 溫暖","6-10 溫暖","0-4 冷淡",2,2.35226335496618,2.35226335496615
"女性","50至59歲","高中職及以下","桃竹苗區","6-10 溫暖","6-10 溫暖","5 中間",2,2.30860427975501,2.30860427975498
"女性","50至59歲","高中職及以下","花東區","5 中間","6-10 溫暖","0-4 冷淡",2,1.81754144879824,1.81754144879822
"女性","50至59歲","高中職及以下","花東區","6-10 溫暖","0-4 冷淡","0-4 冷淡",1,0.90877072439912,0.908770724399108
"女性","50至59歲","高中職及以下","花東區","6-10 溫暖","5 中間","6-10 溫暖",1,0.90877072439912,0.908770724399108
"女性","50至59歲","高中職及以下","雲嘉南區","0-4 冷淡","0-4 冷淡","0-4 冷淡",1,1.01237841058773,1.01237841058772
"女性","50至59歲","高中職及以下","雲嘉南區","0-4 冷淡","6-10 溫暖","0-4 冷淡",2,2.20432803067113,2.2043280306711
"女性","50至59歲","高中職及以下","雲嘉南區","5 中間","0-4 冷淡","0-4 冷淡",1,1.01237841058773,1.01237841058772
"女性","50至59歲","高中職及以下","雲嘉南區","5 中間","0-4 冷淡","5 中間",1,1.01237841058773,1.01237841058772
"女性","50至59歲","高中職及以下","雲嘉南區","5 中間","5 中間","5 中間",1,1.01237841058773,1.01237841058772
"女性","50至59歲","高中職及以下","雲嘉南區","5 中間","6-10 溫暖","0-4 冷淡",1,1.01237841058773,1.01237841058772
"女性","50至59歲","高中職及以下","雲嘉南區","5 中間","6-10 溫暖","5 中間",1,1.01237841058773,1.01237841058772
"女性","50至59歲","高中職及以下","雲嘉南區","6-10 溫暖","0-4 冷淡","5 中間",1,1.01237841058773,1.01237841058772
"女性","50至59歲","高中職及以下","雲嘉南區","6-10 溫暖","0-4 冷淡","6-10 溫暖",1,1.1919496200834,1.19194962008338
"女性","50至59歲","高中職及以下","雲嘉南區","6-10 溫暖","6-10 溫暖","0-4 冷淡",1,1.01237841058773,1.01237841058772
"女性","50至59歲","高中職及以下","雲嘉南區","6-10 溫暖","6-10 溫暖","6-10 溫暖",1,1.01237841058773,1.01237841058772
"女性","50至59歲","高中職及以下","高屏區","0-4 冷淡","0-4 冷淡","0-4 冷淡",2,2.89998574840696,2.89998574840692
"女性","50至59歲","高中職及以下","高屏區","0-4 冷淡","0-4 冷淡","5 中間",1,1.44999287420348,1.44999287420346
"女性","50至59歲","高中職及以下","高屏區","0-4 冷淡","6-10 溫暖","0-4 冷淡",4,5.79997149681392,5.79997149681384
"女性","50至59歲","高中職及以下","高屏區","0-4 冷淡","6-10 溫暖","5 中間",1,1.44999287420348,1.44999287420346
"女性","50至59歲","高中職及以下","高屏區","5 中間","5 中間","0-4 冷淡",1,1.44999287420348,1.44999287420346
"女性","50至59歲","高中職及以下","高屏區","5 中間","5 中間","5 中間",3,4.34997862261043,4.34997862261037
"女性","50至59歲","高中職及以下","高屏區","5 中間","6-10 溫暖","0-4 冷淡",2,2.89998574840696,2.89998574840692
"女性","50至59歲","高中職及以下","高屏區","6-10 溫暖","0-4 冷淡","5 中間",1,1.44999287420348,1.44999287420346
"女性","50至59歲","高中職及以下","高屏區","6-10 溫暖","5 中間","5 中間",1,1.44999287420348,1.44999287420346
"女性","50至59歲","高中職及以下","高屏區","6-10 溫暖","5 中間","6-10 溫暖",1,1.44999287420348,1.44999287420346
"女性","50至59歲","高中職及以下","高屏區","6-10 溫暖","6-10 溫暖","0-4 冷淡",2,3.15717907795422,3.15717907795418
"女性","60歲及以上","專科及以上","中彰投區","0-4 冷淡","0-4 冷淡","0-4 冷淡",1,0.601892422296937,0.601892422296929
"女性","60歲及以上","專科及以上","中彰投區","0-4 冷淡","0-4 冷淡","5 中間",1,0.601892422296937,0.601892422296929
"女性","60歲及以上","專科及以上","中彰投區","0-4 冷淡","6-10 溫暖","0-4 冷淡",2,1.20378484459387,1.20378484459386
"女性","60歲及以上","專科及以上","中彰投區","5 中間","0-4 冷淡","0-4 冷淡",1,0.601892422296937,0.601892422296929
"女性","60歲及以上","專科及以上","中彰投區","5 中間","0-4 冷淡","5 中間",2,1.20378484459387,1.20378484459386
"女性","60歲及以上","專科及以上","中彰投區","5 中間","5 中間","0-4 冷淡",1,0.65142776975395,0.651427769753941
"女性","60歲及以上","專科及以上","中彰投區","5 中間","6-10 溫暖","5 中間",1,0.65142776975395,0.651427769753941
"女性","60歲及以上","專科及以上","中彰投區","6-10 溫暖","0-4 冷淡","0-4 冷淡",1,0.65142776975395,0.651427769753941
"女性","60歲及以上","專科及以上","中彰投區","6-10 溫暖","0-4 冷淡","6-10 溫暖",1,0.601892422296937,0.601892422296929
"女性","60歲及以上","專科及以上","中彰投區","6-10 溫暖","5 中間","6-10 溫暖",1,0.601892422296937,0.601892422296929
"女性","60歲及以上","專科及以上","中彰投區","6-10 溫暖","6-10 溫暖","5 中間",1,0.65142776975395,0.651427769753941
"女性","60歲及以上","專科及以上","北北基宜蘭區","0-4 冷淡","0-4 冷淡","0-4 冷淡",7,4.25982526275614,4.25982526275608
"女性","60歲及以上","專科及以上","北北基宜蘭區","0-4 冷淡","6-10 溫暖","0-4 冷淡",7,4.25982526275614,4.25982526275608
"女性","60歲及以上","專科及以上","北北基宜蘭區","0-4 冷淡","6-10 溫暖","5 中間",1,0.636190277720298,0.636190277720289
"女性","60歲及以上","專科及以上","北北基宜蘭區","5 中間","0-4 冷淡","0-4 冷淡",6,3.62363498503584,3.6236349850358
"女性","60歲及以上","專科及以上","北北基宜蘭區","5 中間","0-4 冷淡","5 中間",1,0.587813607398812,0.587813607398804
"女性","60歲及以上","專科及以上","北北基宜蘭區","5 中間","0-4 冷淡","6-10 溫暖",2,1.17562721479762,1.17562721479761
"女性","60歲及以上","專科及以上","北北基宜蘭區","5 中間","5 中間","0-4 冷淡",1,0.587813607398812,0.587813607398804
"女性","60歲及以上","專科及以上","北北基宜蘭區","5 中間","5 中間","5 中間",5,3.03582137763703,3.03582137763699
"女性","60歲及以上","專科及以上","北北基宜蘭區","5 中間","6-10 溫暖","0-4 冷淡",3,1.81181749251792,1.8118174925179
"女性","60歲及以上","專科及以上","北北基宜蘭區","6-10 溫暖","0-4 冷淡","0-4 冷淡",2,1.2723805554406,1.27238055544058
"女性","60歲及以上","專科及以上","北北基宜蘭區","6-10 溫暖","0-4 冷淡","5 中間",7,4.21144859243466,4.2114485924346
"女性","60歲及以上","專科及以上","北北基宜蘭區","6-10 溫暖","0-4 冷淡","6-10 溫暖",3,1.76344082219644,1.76344082219641
"女性","60歲及以上","專科及以上","北北基宜蘭區","6-10 溫暖","5 中間","6-10 溫暖",1,0.636190277720298,0.636190277720289
"女性","60歲及以上","專科及以上","北北基宜蘭區","6-10 溫暖","6-10 溫暖","6-10 溫暖",1,0.636190277720298,0.636190277720289
"女性","60歲及以上","專科及以上","桃竹苗區","0-4 冷淡","0-4 冷淡","0-4 冷淡",1,0.598943449807514,0.598943449807506
"女性","60歲及以上","專科及以上","桃竹苗區","0-4 冷淡","0-4 冷淡","6-10 溫暖",1,0.553399072869879,0.553399072869872
"女性","60歲及以上","專科及以上","桃竹苗區","0-4 冷淡","5 中間","0-4 冷淡",1,0.553399072869879,0.553399072869872
"女性","60歲及以上","專科及以上","桃竹苗區","0-4 冷淡","6-10 溫暖","0-4 冷淡",3,1.70574159554727,1.70574159554725
"女性","60歲及以上","專科及以上","桃竹苗區","5 中間","0-4 冷淡","0-4 冷淡",4,2.30468504535479,2.30468504535476
"女性","60歲及以上","專科及以上","桃竹苗區","5 中間","0-4 冷淡","5 中間",2,1.15234252267739,1.15234252267738
"女性","60歲及以上","專科及以上","桃竹苗區","5 中間","5 中間","0-4 冷淡",1,0.553399072869879,0.553399072869872
"女性","60歲及以上","專科及以上","桃竹苗區","5 中間","5 中間","5 中間",1,0.598943449807514,0.598943449807506
"女性","60歲及以上","專科及以上","桃竹苗區","5 中間","6-10 溫暖","0-4 冷淡",1,0.553399072869879,0.553399072869872
"女性","60歲及以上","專科及以上","桃竹苗區","6-10 溫暖","0-4 冷淡","0-4 冷淡",6,3.45702756803218,3.45702756803213
"女性","60歲及以上","專科及以上","桃竹苗區","6-10 溫暖","0-4 冷淡","5 中間",2,1.19788689961503,1.19788689961501
"女性","60歲及以上","專科及以上","桃竹苗區","6-10 溫暖","0-4 冷淡","6-10 溫暖",2,1.15234252267739,1.15234252267738
"女性","60歲及以上","專科及以上","花東區","0-4 冷淡","6-10 溫暖","0-4 冷淡",2,0.969356041914786,0.969356041914773
"女性","60歲及以上","專科及以上","花東區","5 中間","5 中間","5 中間",1,0.465521946914786,0.46552194691478
"女性","60歲及以上","專科及以上","花東區","5 中間","6-10 溫暖","0-4 冷淡",1,0.465521946914786,0.46552194691478
"女性","60歲及以上","專科及以上","雲嘉南區","0-4 冷淡","6-10 溫暖","0-4 冷淡",2,1.122551038,1.12255103799998
"女性","60歲及以上","專科及以上","雲嘉南區","5 中間","0-4 冷淡","0-4 冷淡",2,1.079870976,1.07987097599999
"女性","60歲及以上","專科及以上","雲嘉南區","5 中間","5 中間","0-4 冷淡",1,0.561275519,0.561275518999992
"女性","60歲及以上","專科及以上","雲嘉南區","5 中間","6-10 溫暖","0-4 冷淡",1,0.561275519,0.561275518999992
"女性","60歲及以上","專科及以上","雲嘉南區","6-10 溫暖","0-4 冷淡","0-4 冷淡",1,0.561275519,0.561275518999992
"女性","60歲及以上","專科及以上","高屏區","0-4 冷淡","0-4 冷淡","0-4 冷淡",2,1.60778913178894,1.60778913178891
"女性","60歲及以上","專科及以上","高屏區","0-4 冷淡","5 中間","0-4 冷淡",3,2.22829638220822,2.22829638220819
"女性","60歲及以上","專科及以上","高屏區","0-4 冷淡","6-10 溫暖","0-4 冷淡",1,0.742765460736075,0.742765460736065
"女性","60歲及以上","專科及以上","高屏區","5 中間","0-4 冷淡","6-10 溫暖",1,0.742765460736075,0.742765460736065
"女性","60歲及以上","專科及以上","高屏區","6-10 溫暖","0-4 冷淡","0-4 冷淡",4,3.03219094810269,3.03219094810265
"女性","60歲及以上","專科及以上","高屏區","6-10 溫暖","0-4 冷淡","5 中間",2,1.60778913178894,1.60778913178891
"女性","60歲及以上","高中職及以下","中彰投區","0-4 冷淡","0-4 冷淡","0-4 冷淡",3,2.6619473822711,2.66194738227107
"女性","60歲及以上","高中職及以下","中彰投區","0-4 冷淡","5 中間","0-4 冷淡",2,1.97276762982345,1.97276762982343
"女性","60歲及以上","高中職及以下","中彰投區","0-4 冷淡","5 中間","5 中間",1,0.952526473684014,0.952526473684001
"女性","60歲及以上","高中職及以下","中彰投區","0-4 冷淡","6-10 溫暖","0-4 冷淡",10,9.2826026905103,9.28260269051017
"女性","60歲及以上","高中職及以下","中彰投區","0-4 冷淡","6-10 溫暖","6-10 溫暖",3,2.89143676227975,2.89143676227972
"女性","60歲及以上","高中職及以下","中彰投區","5 中間","0-4 冷淡","0-4 冷淡",4,3.49972916595079,3.49972916595074
"女性","60歲及以上","高中職及以下","中彰投區","5 中間","0-4 冷淡","6-10 溫暖",3,2.74283473104772,2.74283473104768
"女性","60歲及以上","高中職及以下","中彰投區","5 中間","5 中間","0-4 冷淡",9,8.21533152682196,8.21533152682184
"女性","60歲及以上","高中職及以下","中彰投區","5 中間","5 中間","5 中間",7,6.65451264946691,6.65451264946682
"女性","60歲及以上","高中職及以下","中彰投區","5 中間","6-10 溫暖","0-4 冷淡",1,0.837781783679687,0.837781783679676
"女性","60歲及以上","高中職及以下","中彰投區","5 中間","6-10 溫暖","5 中間",1,0.952526473684014,0.952526473684001
"女性","60歲及以上","高中職及以下","中彰投區","5 中間","6-10 溫暖","6-10 溫暖",1,0.952526473684014,0.952526473684001
"女性","60歲及以上","高中職及以下","中彰投區","6-10 溫暖","0-4 冷淡","0-4 冷淡",8,7.4922944331466,7.4922944331465
"女性","60歲及以上","高中職及以下","中彰投區","6-10 溫暖","0-4 冷淡","5 中間",2,1.67556356735937,1.67556356735935
"女性","60歲及以上","高中職及以下","中彰投區","6-10 溫暖","0-4 冷淡","6-10 溫暖",2,1.7903082573637,1.79030825736368
"女性","60歲及以上","高中職及以下","中彰投區","6-10 溫暖","5 中間","5 中間",1,0.837781783679687,0.837781783679676
"女性","60歲及以上","高中職及以下","中彰投區","6-10 溫暖","5 中間","6-10 溫暖",1,0.952526473684014,0.952526473684001
"女性","60歲及以上","高中職及以下","中彰投區","6-10 溫暖","6-10 溫暖","0-4 冷淡",2,1.93891028859574,1.93891028859571
"女性","60歲及以上","高中職及以下","中彰投區","6-10 溫暖","6-10 溫暖","5 中間",2,1.67556356735937,1.67556356735935
"女性","60歲及以上","高中職及以下","中彰投區","6-10 溫暖","6-10 溫暖","6-10 溫暖",2,1.7903082573637,1.79030825736368
"女性","60歲及以上","高中職及以下","北北基宜蘭區","0-4 冷淡","0-4 冷淡","0-4 冷淡",4,3.64198870940018,3.64198870940013
"女性","60歲及以上","高中職及以下","北北基宜蘭區","0-4 冷淡","0-4 冷淡","5 中間",1,0.818185300619748,0.818185300619737
"女性","60歲及以上","高中職及以下","北北基宜蘭區","0-4 冷淡","5 中間","0-4 冷淡",3,2.45455590185924,2.45455590185921
"女性","60歲及以上","高中職及以下","北北基宜蘭區","0-4 冷淡","5 中間","5 中間",1,0.818185300619748,0.818185300619737
"女性","60歲及以上","高中職及以下","北北基宜蘭區","0-4 冷淡","6-10 溫暖","0-4 冷淡",37,33.1937707912863,33.1937707912858
"女性","60歲及以上","高中職及以下","北北基宜蘭區","0-4 冷淡","6-10 溫暖","5 中間",2,1.74843130787525,1.74843130787523
"女性","60歲及以上","高中職及以下","北北基宜蘭區","5 中間","0-4 冷淡","0-4 冷淡",2,1.78149669488917,1.78149669488915
"女性","60歲及以上","高中職及以下","北北基宜蘭區","5 中間","0-4 冷淡","5 中間",3,2.45455590185924,2.45455590185921
"女性","60歲及以上","高中職及以下","北北基宜蘭區","5 中間","5 中間","0-4 冷淡",11,9.73853332065961,9.73853332065948
"女性","60歲及以上","高中職及以下","北北基宜蘭區","5 中間","5 中間","5 中間",9,7.99010201278436,7.99010201278425
"女性","60歲及以上","高中職及以下","北北基宜蘭區","5 中間","6-10 溫暖","0-4 冷淡",4,3.56299338977835,3.5629933897783
"女性","60歲及以上","高中職及以下","北北基宜蘭區","6-10 溫暖","0-4 冷淡","0-4 冷淡",15,13.4135874170737,13.4135874170735
"女性","60歲及以上","高中職及以下","北北基宜蘭區","6-10 溫暖","0-4 冷淡","5 中間",9,7.95703662577043,7.95703662577033
"女性","60歲及以上","高中職及以下","北北基宜蘭區","6-10 溫暖","0-4 冷淡","6-10 溫暖",5,4.34811330338417,4.34811330338411
"女性","60歲及以上","高中職及以下","北北基宜蘭區","6-10 溫暖","5 中間","0-4 冷淡",2,1.86049201451101,1.86049201451098
"女性","60歲及以上","高中職及以下","北北基宜蘭區","6-10 溫暖","5 中間","5 中間",2,1.78149669488917,1.78149669488915
"女性","60歲及以上","高中職及以下","北北基宜蘭區","6-10 溫暖","5 中間","6-10 溫暖",1,0.818185300619748,0.818185300619737
"女性","60歲及以上","高中職及以下","北北基宜蘭區","6-10 溫暖","6-10 溫暖","0-4 冷淡",3,2.82380340878043,2.8238034087804
"女性","60歲及以上","高中職及以下","北北基宜蘭區","6-10 溫暖","6-10 溫暖","5 中間",4,3.56299338977835,3.5629933897783
"女性","60歲及以上","高中職及以下","桃竹苗區","0-4 冷淡","5 中間","0-4 冷淡",1,0.906912711382679,0.906912711382667
"女性","60歲及以上","高中職及以下","桃竹苗區","0-4 冷淡","6-10 溫暖","0-4 冷淡",9,7.6589375187644,7.65893751876429
"女性","60歲及以上","高中職及以下","桃竹苗區","0-4 冷淡","6-10 溫暖","5 中間",1,0.906912711382679,0.906912711382667
"女性","60歲及以上","高中職及以下","桃竹苗區","5 中間","0-4 冷淡","0-4 冷淡",2,1.54056653707757,1.54056653707755
"女性","60歲及以上","高中職及以下","桃竹苗區","5 中間","0-4 冷淡","5 中間",2,1.54056653707757,1.54056653707755
"女性","60歲及以上","高中職及以下","桃竹苗區","5 中間","5 中間","0-4 冷淡",7,5.87624161438172,5.87624161438164
"女性","60歲及以上","高中職及以下","桃竹苗區","5 中間","5 中間","5 中間",7,5.87624161438172,5.87624161438164
"女性","60歲及以上","高中職及以下","桃竹苗區","5 中間","5 中間","6-10 溫暖",1,0.906912711382679,0.906912711382667
"女性","60歲及以上","高中職及以下","桃竹苗區","5 中間","6-10 溫暖","0-4 冷淡",5,4.19904563446025,4.19904563446019
"女性","60歲及以上","高中職及以下","桃竹苗區","5 中間","6-10 溫暖","5 中間",1,0.770283268538786,0.770283268538776
"女性","60歲及以上","高中職及以下","桃竹苗區","5 中間","6-10 溫暖","6-10 溫暖",1,0.770283268538786,0.770283268538776
"女性","60歲及以上","高中職及以下","桃竹苗區","6-10 溫暖","0-4 冷淡","0-4 冷淡",9,7.41680815145929,7.41680815145919
"女性","60歲及以上","高中職及以下","桃竹苗區","6-10 溫暖","0-4 冷淡","5 中間",5,4.09354570999904,4.09354570999898
"女性","60歲及以上","高中職及以下","桃竹苗區","6-10 溫暖","0-4 冷淡","6-10 溫暖",3,2.41634973007757,2.41634973007754
"女性","60歲及以上","高中職及以下","桃竹苗區","6-10 溫暖","5 中間","0-4 冷淡",3,2.41634973007757,2.41634973007754
"女性","60歲及以上","高中職及以下","桃竹苗區","6-10 溫暖","5 中間","5 中間",1,0.906912711382679,0.906912711382667
"女性","60歲及以上","高中職及以下","桃竹苗區","6-10 溫暖","5 中間","6-10 溫暖",2,1.67719597992147,1.67719597992144
"女性","60歲及以上","高中職及以下","桃竹苗區","6-10 溫暖","6-10 溫暖","5 中間",1,0.875783193,0.875783192999988
"女性","60歲及以上","高中職及以下","桃竹苗區","6-10 溫暖","6-10 溫暖","6-10 溫暖",3,2.55297917292146,2.55297917292143
"女性","60歲及以上","高中職及以下","花東區","0-4 冷淡","6-10 溫暖","0-4 冷淡",1,0.762899310429278,0.762899310429268
"女性","60歲及以上","高中職及以下","花東區","5 中間","6-10 溫暖","0-4 冷淡",1,0.736713010649102,0.736713010649092
"女性","60歲及以上","高中職及以下","花東區","6-10 溫暖","0-4 冷淡","0-4 冷淡",2,1.38467898028197,1.38467898028195
"女性","60歲及以上","高中職及以下","花東區","6-10 溫暖","0-4 冷淡","5 中間",1,0.647965969632867,0.647965969632858
"女性","60歲及以上","高中職及以下","花東區","6-10 溫暖","0-4 冷淡","6-10 溫暖",1,0.736713010649102,0.736713010649092
"女性","60歲及以上","高中職及以下","花東區","6-10 溫暖","5 中間","0-4 冷淡",1,0.762899310429278,0.762899310429268
"女性","60歲及以上","高中職及以下","雲嘉南區","0-4 冷淡","0-4 冷淡","0-4 冷淡",3,2.36324894145073,2.3632489414507
"女性","60歲及以上","高中職及以下","雲嘉南區","0-4 冷淡","5 中間","0-4 冷淡",6,4.88370637691277,4.88370637691271
"女性","60歲及以上","高中職及以下","雲嘉南區","0-4 冷淡","5 中間","5 中間",1,0.820704636225367,0.820704636225356
"女性","60歲及以上","高中職及以下","雲嘉南區","0-4 冷淡","6-10 溫暖","0-4 冷淡",20,15.9959335015129,15.9959335015127
"女性","60歲及以上","高中職及以下","雲嘉南區","0-4 冷淡","6-10 溫暖","6-10 溫暖",1,0.820704636225367,0.820704636225356
"女性","60歲及以上","高中職及以下","雲嘉南區","5 中間","0-4 冷淡","0-4 冷淡",3,2.26438397422537,2.26438397422534
"女性","60歲及以上","高中職及以下","雲嘉南區","5 中間","5 中間","0-4 冷淡",7,5.3494725846761,5.34947258467602
"女性","60歲及以上","高中職及以下","雲嘉南區","5 中間","5 中間","5 中間",7,5.73358277653111,5.73358277653103
"女性","60歲及以上","高中職及以下","雲嘉南區","5 中間","6-10 溫暖","0-4 冷淡",3,2.49128567206907,2.49128567206904
"女性","60歲及以上","高中職及以下","雲嘉南區","5 中間","6-10 溫暖","5 中間",1,0.849876399618336,0.849876399618325
"女性","60歲及以上","高中職及以下","雲嘉南區","6-10 溫暖","0-4 冷淡","0-4 冷淡",6,4.5579397118437,4.55793971184364
"女性","60歲及以上","高中職及以下","雲嘉南區","6-10 溫暖","0-4 冷淡","5 中間",4,3.21312534106907,3.21312534106903
"女性","60歲及以上","高中職及以下","雲嘉南區","6-10 溫暖","5 中間","5 中間",1,0.721839669,0.72183966899999
"女性","60歲及以上","高中職及以下","雲嘉南區","6-10 溫暖","6-10 溫暖","5 中間",1,0.849876399618336,0.849876399618325
"女性","60歲及以上","高中職及以下","雲嘉南區","6-10 溫暖","6-10 溫暖","6-10 溫暖",4,3.34116207168741,3.34116207168736
"女性","60歲及以上","高中職及以下","高屏區","0-4 冷淡","0-4 冷淡","0-4 冷淡",4,4.74364357856062,4.74364357856056
"女性","60歲及以上","高中職及以下","高屏區","0-4 冷淡","5 中間","0-4 冷淡",1,1.03386477300447,1.03386477300446
"女性","60歲及以上","高中職及以下","高屏區","0-4 冷淡","6-10 溫暖","0-4 冷淡",24,27.3708374738488,27.3708374738484
"女性","60歲及以上","高中職及以下","高屏區","0-4 冷淡","6-10 溫暖","5 中間",1,1.17546548000928,1.17546548000926
"女性","60歲及以上","高中職及以下","高屏區","5 中間","0-4 冷淡","0-4 冷淡",2,2.25111191153726,2.25111191153723
"女性","60歲及以上","高中職及以下","高屏區","5 中間","0-4 冷淡","6-10 溫暖",1,1.03386477300447,1.03386477300446
"女性","60歲及以上","高中職及以下","高屏區","5 中間","5 中間","5 中間",6,7.03653714862139,7.0365371486213
"女性","60歲及以上","高中職及以下","高屏區","5 中間","5 中間","6-10 溫暖",1,1.21724713853279,1.21724713853277
"女性","60歲及以上","高中職及以下","高屏區","5 中間","6-10 溫暖","0-4 冷淡",5,5.59412598603678,5.5941259860367
"女性","60歲及以上","高中職及以下","高屏區","5 中間","6-10 溫暖","5 中間",1,1.21724713853279,1.21724713853277
"女性","60歲及以上","高中職及以下","高屏區","6-10 溫暖","0-4 冷淡","0-4 冷淡",1,1.17546548000928,1.17546548000926
"女性","60歲及以上","高中職及以下","高屏區","6-10 溫暖","0-4 冷淡","5 中間",1,1.03386477300447,1.03386477300446
"女性","60歲及以上","高中職及以下","高屏區","6-10 溫暖","0-4 冷淡","6-10 溫暖",1,1.21724713853279,1.21724713853277
"女性","60歲及以上","高中職及以下","高屏區","6-10 溫暖","6-10 溫暖","0-4 冷淡",2,2.43449427706558,2.43449427706555
"女性","60歲及以上","高中職及以下","高屏區","6-10 溫暖","6-10 溫暖","5 中間",2,2.20933025301375,2.20933025301372
"女性","60歲及以上","高中職及以下","高屏區","6-10 溫暖","6-10 溫暖","6-10 溫暖",1,1.03386477300447,1.03386477300446
"男性","20至29歲","專科及以上","中彰投區","0-4 冷淡","0-4 冷淡","0-4 冷淡",3,4.30743374242008,4.30743374242002
"男性","20至29歲","專科及以上","中彰投區","0-4 冷淡","0-4 冷淡","5 中間",3,4.30743374242008,4.30743374242002
"男性","20至29歲","專科及以上","中彰投區","0-4 冷淡","0-4 冷淡","6-10 溫暖",1,1.43581124747336,1.43581124747334
"男性","20至29歲","專科及以上","中彰投區","0-4 冷淡","5 中間","0-4 冷淡",1,1.55397756157125,1.55397756157123
"男性","20至29歲","專科及以上","中彰投區","0-4 冷淡","6-10 溫暖","0-4 冷淡",2,2.87162249494672,2.87162249494668
"男性","20至29歲","專科及以上","中彰投區","0-4 冷淡","6-10 溫暖","5 中間",1,1.43581124747336,1.43581124747334
"男性","20至29歲","專科及以上","中彰投區","0-4 冷淡","6-10 溫暖","6-10 溫暖",1,1.43581124747336,1.43581124747334
"男性","20至29歲","專科及以上","中彰投區","5 中間","0-4 冷淡","5 中間",2,2.98978880904461,2.98978880904457
"男性","20至29歲","專科及以上","中彰投區","5 中間","0-4 冷淡","6-10 溫暖",1,1.43581124747336,1.43581124747334
"男性","20至29歲","專科及以上","中彰投區","5 中間","5 中間","5 中間",7,10.0506787323135,10.0506787323134
"男性","20至29歲","專科及以上","中彰投區","6-10 溫暖","0-4 冷淡","6-10 溫暖",3,4.42560005651797,4.42560005651791
"男性","20至29歲","專科及以上","北北基宜蘭區","0-4 冷淡","0-4 冷淡","0-4 冷淡",2,2.80445261530384,2.8044526153038
"男性","20至29歲","專科及以上","北北基宜蘭區","0-4 冷淡","0-4 冷淡","5 中間",2,2.80445261530384,2.8044526153038
"男性","20至29歲","專科及以上","北北基宜蘭區","0-4 冷淡","0-4 冷淡","6-10 溫暖",3,4.20667892295576,4.2066789229557
"男性","20至29歲","專科及以上","北北基宜蘭區","0-4 冷淡","5 中間","6-10 溫暖",1,1.40222630765192,1.4022263076519
"男性","20至29歲","專科及以上","北北基宜蘭區","0-4 冷淡","6-10 溫暖","0-4 冷淡",4,5.60890523060768,5.6089052306076
"男性","20至29歲","專科及以上","北北基宜蘭區","0-4 冷淡","6-10 溫暖","6-10 溫暖",1,1.40222630765192,1.4022263076519
"男性","20至29歲","專科及以上","北北基宜蘭區","5 中間","0-4 冷淡","0-4 冷淡",1,1.40222630765192,1.4022263076519
"男性","20至29歲","專科及以上","北北基宜蘭區","5 中間","0-4 冷淡","5 中間",3,4.20667892295576,4.2066789229557
"男性","20至29歲","專科及以上","北北基宜蘭區","5 中間","0-4 冷淡","6-10 溫暖",2,2.80445261530384,2.8044526153038
"男性","20至29歲","專科及以上","北北基宜蘭區","5 中間","5 中間","5 中間",2,2.80445261530384,2.8044526153038
"男性","20至29歲","專科及以上","北北基宜蘭區","5 中間","5 中間","6-10 溫暖",1,1.40222630765192,1.4022263076519
"男性","20至29歲","專科及以上","北北基宜蘭區","5 中間","6-10 溫暖","5 中間",1,1.40222630765192,1.4022263076519
"男性","20至29歲","專科及以上","北北基宜蘭區","6-10 溫暖","0-4 冷淡","0-4 冷淡",1,1.40222630765192,1.4022263076519
"男性","20至29歲","專科及以上","北北基宜蘭區","6-10 溫暖","0-4 冷淡","6-10 溫暖",4,5.60890523060767,5.60890523060759
"男性","20至29歲","專科及以上","北北基宜蘭區","6-10 溫暖","6-10 溫暖","6-10 溫暖",1,1.40222630765192,1.4022263076519
"男性","20至29歲","專科及以上","桃竹苗區","0-4 冷淡","0-4 冷淡","0-4 冷淡",7,9.24091429985031,9.24091429985019
"男性","20至29歲","專科及以上","桃竹苗區","0-4 冷淡","0-4 冷淡","6-10 溫暖",1,1.32013061426433,1.32013061426431
"男性","20至29歲","專科及以上","桃竹苗區","0-4 冷淡","5 中間","0-4 冷淡",2,2.64026122852866,2.64026122852862
"男性","20至29歲","專科及以上","桃竹苗區","0-4 冷淡","6-10 溫暖","0-4 冷淡",1,1.32013061426433,1.32013061426431
"男性","20至29歲","專科及以上","桃竹苗區","0-4 冷淡","6-10 溫暖","5 中間",2,2.64026122852866,2.64026122852862
"男性","20至29歲","專科及以上","桃竹苗區","5 中間","0-4 冷淡","6-10 溫暖",1,1.32013061426433,1.32013061426431
"男性","20至29歲","專科及以上","桃竹苗區","5 中間","5 中間","0-4 冷淡",1,1.32013061426433,1.32013061426431
"男性","20至29歲","專科及以上","桃竹苗區","5 中間","5 中間","5 中間",3,3.96039184279298,3.96039184279293
"男性","20至29歲","專科及以上","桃竹苗區","6-10 溫暖","0-4 冷淡","6-10 溫暖",3,4.06903771744392,4.06903771744386
"男性","20至29歲","專科及以上","花東區","0-4 冷淡","6-10 溫暖","6-10 溫暖",1,1.11050018668651,1.1105001866865
"男性","20至29歲","專科及以上","花東區","6-10 溫暖","0-4 冷淡","6-10 溫暖",1,1.11050018668651,1.1105001866865
"男性","20至29歲","專科及以上","花東區","6-10 溫暖","5 中間","6-10 溫暖",1,1.11050018668651,1.1105001866865
"男性","20至29歲","專科及以上","花東區","6-10 溫暖","6-10 溫暖","0-4 冷淡",1,1.11050018668651,1.1105001866865
"男性","20至29歲","專科及以上","雲嘉南區","0-4 冷淡","0-4 冷淡","0-4 冷淡",5,6.18553384132409,6.185533841324
"男性","20至29歲","專科及以上","雲嘉南區","0-4 冷淡","0-4 冷淡","5 中間",1,1.23710676826482,1.2371067682648
"男性","20至29歲","專科及以上","雲嘉南區","0-4 冷淡","0-4 冷淡","6-10 溫暖",3,3.71132030479446,3.71132030479441
"男性","20至29歲","專科及以上","雲嘉南區","0-4 冷淡","5 中間","0-4 冷淡",3,3.71132030479446,3.71132030479441
"男性","20至29歲","專科及以上","雲嘉南區","0-4 冷淡","6-10 溫暖","0-4 冷淡",2,2.57602660367802,2.57602660367799
"男性","20至29歲","專科及以上","雲嘉南區","0-4 冷淡","6-10 溫暖","5 中間",1,1.23710676826482,1.2371067682648
"男性","20至29歲","專科及以上","雲嘉南區","5 中間","0-4 冷淡","0-4 冷淡",1,1.23710676826482,1.2371067682648
"男性","20至29歲","專科及以上","雲嘉南區","5 中間","0-4 冷淡","6-10 溫暖",1,1.23710676826482,1.2371067682648
"男性","20至29歲","專科及以上","雲嘉南區","5 中間","5 中間","6-10 溫暖",1,1.23710676826482,1.2371067682648
"男性","20至29歲","專科及以上","雲嘉南區","6-10 溫暖","0-4 冷淡","6-10 溫暖",1,1.23710676826482,1.2371067682648
"男性","20至29歲","專科及以上","雲嘉南區","6-10 溫暖","5 中間","6-10 溫暖",1,1.23710676826482,1.2371067682648
"男性","20至29歲","專科及以上","雲嘉南區","6-10 溫暖","6-10 溫暖","0-4 冷淡",1,1.23710676826482,1.2371067682648
"男性","20至29歲","專科及以上","高屏區","0-4 冷淡","0-4 冷淡","0-4 冷淡",2,3.54372629809736,3.54372629809731
"男性","20至29歲","專科及以上","高屏區","0-4 冷淡","5 中間","5 中間",1,1.77186314904868,1.77186314904866
"男性","20至29歲","專科及以上","高屏區","0-4 冷淡","6-10 溫暖","0-4 冷淡",1,1.77186314904868,1.77186314904866
"男性","20至29歲","專科及以上","高屏區","5 中間","5 中間","5 中間",3,5.46141261002861,5.46141261002854
"男性","20至29歲","專科及以上","高屏區","6-10 溫暖","0-4 冷淡","5 中間",1,1.77186314904868,1.77186314904866
"男性","20至29歲","高中職及以下","中彰投區","5 中間","0-4 冷淡","6-10 溫暖",1,1.99852409396533,1.9985240939653
"男性","20至29歲","高中職及以下","中彰投區","5 中間","5 中間","5 中間",3,5.995572281896,5.99557228189592
"男性","20至29歲","高中職及以下","中彰投區","6-10 溫暖","0-4 冷淡","6-10 溫暖",1,1.99852409396533,1.9985240939653
"男性","20至29歲","高中職及以下","中彰投區","6-10 溫暖","6-10 溫暖","6-10 溫暖",1,1.99852409396533,1.9985240939653
"男性","20至29歲","高中職及以下","北北基宜蘭區","0-4 冷淡","6-10 溫暖","6-10 溫暖",1,1.95177678539978,1.95177678539975
"男性","20至29歲","高中職及以下","北北基宜蘭區","5 中間","0-4 冷淡","6-10 溫暖",1,2.29797432809169,2.29797432809166
"男性","20至29歲","高中職及以下","北北基宜蘭區","6-10 溫暖","5 中間","5 中間",1,1.95177678539978,1.95177678539975
"男性","20至29歲","高中職及以下","桃竹苗區","0-4 冷淡","0-4 冷淡","0-4 冷淡",2,3.67501347329774,3.67501347329769
"男性","20至29歲","高中職及以下","桃竹苗區","0-4 冷淡","0-4 冷淡","5 中間",1,1.83750673664887,1.83750673664885
"男性","20至29歲","高中職及以下","桃竹苗區","5 中間","0-4 冷淡","5 中間",1,1.83750673664887,1.83750673664885
"男性","20至29歲","高中職及以下","桃竹苗區","5 中間","0-4 冷淡","6-10 溫暖",2,3.67501347329774,3.67501347329769
"男性","20至29歲","高中職及以下","桃竹苗區","5 中間","5 中間","5 中間",1,1.83750673664887,1.83750673664885
"男性","20至29歲","高中職及以下","桃竹苗區","6-10 溫暖","0-4 冷淡","5 中間",1,1.83750673664887,1.83750673664885
"男性","20至29歲","高中職及以下","桃竹苗區","6-10 溫暖","5 中間","5 中間",1,1.83750673664887,1.83750673664885
"男性","20至29歲","高中職及以下","花東區","0-4 冷淡","0-4 冷淡","0-4 冷淡",1,1.54571945536119,1.54571945536117
"男性","20至29歲","高中職及以下","花東區","5 中間","0-4 冷淡","5 中間",1,1.54571945536119,1.54571945536117
"男性","20至29歲","高中職及以下","雲嘉南區","0-4 冷淡","5 中間","6-10 溫暖",1,1.72194478037107,1.72194478037105
"男性","20至29歲","高中職及以下","雲嘉南區","5 中間","0-4 冷淡","6-10 溫暖",1,1.72194478037107,1.72194478037105
"男性","20至29歲","高中職及以下","雲嘉南區","5 中間","5 中間","5 中間",1,1.72194478037107,1.72194478037105
"男性","20至29歲","高中職及以下","雲嘉南區","6-10 溫暖","5 中間","6-10 溫暖",1,1.72194478037107,1.72194478037105
"男性","20至29歲","高中職及以下","高屏區","0-4 冷淡","0-4 冷淡","0-4 冷淡",1,2.46627904664661,2.46627904664658
"男性","20至29歲","高中職及以下","高屏區","5 中間","5 中間","0-4 冷淡",1,2.46627904664661,2.46627904664658
"男性","20至29歲","高中職及以下","高屏區","5 中間","5 中間","5 中間",2,5.37001577386846,5.37001577386839
"男性","20至29歲","高中職及以下","高屏區","5 中間","5 中間","6-10 溫暖",1,2.46627904664661,2.46627904664658
"男性","20至29歲","高中職及以下","高屏區","6-10 溫暖","0-4 冷淡","5 中間",1,2.46627904664661,2.46627904664658
"男性","20至29歲","高中職及以下","高屏區","6-10 溫暖","0-4 冷淡","6-10 溫暖",2,4.93255809329322,4.93255809329315
"男性","30至39歲","專科及以上","中彰投區","0-4 冷淡","0-4 冷淡","0-4 冷淡",6,7.04358225836664,7.04358225836654
"男性","30至39歲","專科及以上","中彰投區","0-4 冷淡","0-4 冷淡","5 中間",4,4.69572150557776,4.6957215055777
"男性","30至39歲","專科及以上","中彰投區","0-4 冷淡","0-4 冷淡","6-10 溫暖",1,1.17393037639444,1.17393037639442
"男性","30至39歲","專科及以上","中彰投區","0-4 冷淡","5 中間","0-4 冷淡",2,2.34786075278888,2.34786075278885
"男性","30至39歲","專科及以上","中彰投區","0-4 冷淡","5 中間","6-10 溫暖",2,2.34786075278888,2.34786075278885
"男性","30至39歲","專科及以上","中彰投區","0-4 冷淡","6-10 溫暖","0-4 冷淡",4,4.69572150557775,4.69572150557769
"男性","30至39歲","專科及以上","中彰投區","0-4 冷淡","6-10 溫暖","6-10 溫暖",1,1.17393037639444,1.17393037639442
"男性","30至39歲","專科及以上","中彰投區","5 中間","0-4 冷淡","0-4 冷淡",1,1.17393037639444,1.17393037639442
"男性","30至39歲","專科及以上","中彰投區","5 中間","0-4 冷淡","6-10 溫暖",2,2.34786075278888,2.34786075278885
"男性","30至39歲","專科及以上","中彰投區","5 中間","5 中間","5 中間",8,9.58467039508939,9.58467039508926
"男性","30至39歲","專科及以上","中彰投區","6-10 溫暖","0-4 冷淡","6-10 溫暖",1,1.17393037639444,1.17393037639442
"男性","30至39歲","專科及以上","中彰投區","6-10 溫暖","6-10 溫暖","5 中間",1,1.17393037639444,1.17393037639442
"男性","30至39歲","專科及以上","北北基宜蘭區","0-4 冷淡","0-4 冷淡","0-4 冷淡",10,11.6534183179543,11.6534183179542
"男性","30至39歲","專科及以上","北北基宜蘭區","0-4 冷淡","0-4 冷淡","5 中間",3,3.53376701908416,3.53376701908411
"男性","30至39歲","專科及以上","北北基宜蘭區","0-4 冷淡","0-4 冷淡","6-10 溫暖",7,8.0252974896255,8.02529748962539
"男性","30至39歲","專科及以上","北北基宜蘭區","0-4 冷淡","5 中間","0-4 冷淡",1,1.1464710699465,1.14647106994648
"男性","30至39歲","專科及以上","北北基宜蘭區","0-4 冷淡","6-10 溫暖","0-4 冷淡",15,17.2914198584422,17.2914198584419
"男性","30至39歲","專科及以上","北北基宜蘭區","5 中間","0-4 冷淡","5 中間",3,3.43941320983949,3.43941320983944
"男性","30至39歲","專科及以上","北北基宜蘭區","5 中間","0-4 冷淡","6-10 溫暖",2,2.292942139893,2.29294213989297
"男性","30至39歲","專科及以上","北北基宜蘭區","5 中間","5 中間","5 中間",8,9.26612236881664,9.26612236881651
"男性","30至39歲","專科及以上","北北基宜蘭區","5 中間","5 中間","6-10 溫暖",1,1.1464710699465,1.14647106994648
"男性","30至39歲","專科及以上","北北基宜蘭區","5 中間","6-10 溫暖","0-4 冷淡",1,1.1464710699465,1.14647106994648
"男性","30至39歲","專科及以上","北北基宜蘭區","5 中間","6-10 溫暖","5 中間",1,1.1464710699465,1.14647106994648
"男性","30至39歲","專科及以上","北北基宜蘭區","5 中間","6-10 溫暖","6-10 溫暖",1,1.1464710699465,1.14647106994648
"男性","30至39歲","專科及以上","北北基宜蘭區","6-10 溫暖","0-4 冷淡","0-4 冷淡",2,2.38729594913766,2.38729594913763
"男性","30至39歲","專科及以上","北北基宜蘭區","6-10 溫暖","0-4 冷淡","5 中間",1,1.1464710699465,1.14647106994648
"男性","30至39歲","專科及以上","北北基宜蘭區","6-10 溫暖","0-4 冷淡","6-10 溫暖",2,2.292942139893,2.29294213989297
"男性","30至39歲","專科及以上","北北基宜蘭區","6-10 溫暖","5 中間","6-10 溫暖",1,1.1464710699465,1.14647106994648
"男性","30至39歲","專科及以上","北北基宜蘭區","6-10 溫暖","6-10 溫暖","5 中間",2,2.292942139893,2.29294213989297
"男性","30至39歲","專科及以上","北北基宜蘭區","6-10 溫暖","6-10 溫暖","6-10 溫暖",2,2.292942139893,2.29294213989297
"男性","30至39歲","專科及以上","桃竹苗區","0-4 冷淡","0-4 冷淡","0-4 冷淡",2,2.15869799267874,2.15869799267871
"男性","30至39歲","專科及以上","桃竹苗區","0-4 冷淡","0-4 冷淡","6-10 溫暖",1,1.07934899633937,1.07934899633936
"男性","30至39歲","專科及以上","桃竹苗區","0-4 冷淡","5 中間","0-4 冷淡",1,1.07934899633937,1.07934899633936
"男性","30至39歲","專科及以上","桃竹苗區","0-4 冷淡","5 中間","5 中間",1,1.16817870341063,1.16817870341061
"男性","30至39歲","專科及以上","桃竹苗區","0-4 冷淡","6-10 溫暖","0-4 冷淡",3,3.23804698901811,3.23804698901807
"男性","30至39歲","專科及以上","桃竹苗區","0-4 冷淡","6-10 溫暖","5 中間",1,1.07934899633937,1.07934899633936
"男性","30至39歲","專科及以上","桃竹苗區","0-4 冷淡","6-10 溫暖","6-10 溫暖",1,1.07934899633937,1.07934899633936
"男性","30至39歲","專科及以上","桃竹苗區","5 中間","0-4 冷淡","5 中間",1,1.07934899633937,1.07934899633936
"男性","30至39歲","專科及以上","桃竹苗區","5 中間","0-4 冷淡","6-10 溫暖",2,2.15869799267874,2.15869799267871
"男性","30至39歲","專科及以上","桃竹苗區","5 中間","5 中間","5 中間",2,2.15869799267874,2.15869799267871
"男性","30至39歲","專科及以上","桃竹苗區","6-10 溫暖","0-4 冷淡","6-10 溫暖",4,4.40622569242874,4.40622569242868
"男性","30至39歲","專科及以上","桃竹苗區","6-10 溫暖","6-10 溫暖","6-10 溫暖",2,2.15869799267874,2.15869799267871
"男性","30至39歲","專科及以上","花東區","0-4 冷淡","0-4 冷淡","6-10 溫暖",1,0.9079535380692,0.907953538069188
"男性","30至39歲","專科及以上","雲嘉南區","0-4 冷淡","0-4 冷淡","0-4 冷淡",2,2.0229361159621,2.02293611596207
"男性","30至39歲","專科及以上","雲嘉南區","0-4 冷淡","0-4 冷淡","5 中間",3,3.03440417394314,3.0344041739431
"男性","30至39歲","專科及以上","雲嘉南區","0-4 冷淡","5 中間","0-4 冷淡",2,2.02293611596209,2.02293611596206
"男性","30至39歲","專科及以上","雲嘉南區","0-4 冷淡","6-10 溫暖","0-4 冷淡",5,5.05734028990524,5.05734028990517
"男性","30至39歲","專科及以上","雲嘉南區","0-4 冷淡","6-10 溫暖","6-10 溫暖",1,1.01146805798105,1.01146805798104
"男性","30至39歲","專科及以上","雲嘉南區","5 中間","0-4 冷淡","5 中間",1,1.09471120881281,1.0947112088128
"男性","30至39歲","專科及以上","雲嘉南區","5 中間","0-4 冷淡","6-10 溫暖",2,2.0229361159621,2.02293611596207
"男性","30至39歲","專科及以上","雲嘉南區","5 中間","5 中間","5 中間",3,3.03440417394314,3.0344041739431
"男性","30至39歲","專科及以上","雲嘉南區","5 中間","5 中間","6-10 溫暖",1,1.09471120881281,1.0947112088128
"男性","30至39歲","專科及以上","雲嘉南區","6-10 溫暖","0-4 冷淡","6-10 溫暖",3,3.03440417394315,3.03440417394311
"男性","30至39歲","專科及以上","雲嘉南區","6-10 溫暖","5 中間","6-10 溫暖",1,1.01146805798105,1.01146805798104
"男性","30至39歲","專科及以上","雲嘉南區","6-10 溫暖","6-10 溫暖","6-10 溫暖",1,1.01146805798105,1.01146805798104
"男性","30至39歲","專科及以上","高屏區","0-4 冷淡","0-4 冷淡","0-4 冷淡",3,4.34606702756187,4.34606702756181
"男性","30至39歲","專科及以上","高屏區","0-4 冷淡","0-4 冷淡","5 中間",2,2.89737801837458,2.89737801837454
"男性","30至39歲","專科及以上","高屏區","0-4 冷淡","0-4 冷淡","6-10 溫暖",1,1.44868900918729,1.44868900918727
"男性","30至39歲","專科及以上","高屏區","0-4 冷淡","6-10 溫暖","0-4 冷淡",2,2.89737801837458,2.89737801837454
"男性","30至39歲","專科及以上","高屏區","0-4 冷淡","6-10 溫暖","5 中間",1,1.44868900918729,1.44868900918727
"男性","30至39歲","專科及以上","高屏區","5 中間","5 中間","5 中間",2,2.89737801837458,2.89737801837454
"男性","30至39歲","專科及以上","高屏區","5 中間","5 中間","6-10 溫暖",2,3.01660416418729,3.01660416418725
"男性","30至39歲","專科及以上","高屏區","6-10 溫暖","0-4 冷淡","5 中間",1,1.44868900918729,1.44868900918727
"男性","30至39歲","專科及以上","高屏區","6-10 溫暖","0-4 冷淡","6-10 溫暖",1,1.44868900918729,1.44868900918727
"男性","30至39歲","專科及以上","高屏區","6-10 溫暖","6-10 溫暖","6-10 溫暖",1,1.44868900918729,1.44868900918727
"男性","30至39歲","高中職及以下","中彰投區","0-4 冷淡","0-4 冷淡","0-4 冷淡",1,1.92384200267842,1.92384200267839
"男性","30至39歲","高中職及以下","中彰投區","5 中間","0-4 冷淡","5 中間",1,1.63400875009903,1.63400875009901
"男性","30至39歲","高中職及以下","中彰投區","5 中間","5 中間","5 中間",2,3.26801750019807,3.26801750019803
"男性","30至39歲","高中職及以下","北北基宜蘭區","0-4 冷淡","0-4 冷淡","0-4 冷淡",1,1.59578778920577,1.59578778920575
"男性","30至39歲","高中職及以下","北北基宜蘭區","0-4 冷淡","0-4 冷淡","6-10 溫暖",1,1.59578778920577,1.59578778920575
"男性","30至39歲","高中職及以下","北北基宜蘭區","5 中間","5 中間","5 中間",1,1.59578778920577,1.59578778920575
"男性","30至39歲","高中職及以下","北北基宜蘭區","6-10 溫暖","0-4 冷淡","0-4 冷淡",1,1.59578778920577,1.59578778920575
"男性","30至39歲","高中職及以下","桃竹苗區","0-4 冷淡","0-4 冷淡","0-4 冷淡",3,4.77356106992999,4.77356106992993
"男性","30至39歲","高中職及以下","桃竹苗區","0-4 冷淡","6-10 溫暖","5 中間",1,1.50235971390909,1.50235971390907
"男性","30至39歲","高中職及以下","桃竹苗區","5 中間","5 中間","6-10 溫暖",1,1.50235971390909,1.50235971390907
"男性","30至39歲","高中職及以下","桃竹苗區","5 中間","6-10 溫暖","5 中間",1,1.50235971390909,1.50235971390907
"男性","30至39歲","高中職及以下","花東區","5 中間","0-4 冷淡","6-10 溫暖",1,1.263792177,1.26379217699998
"男性","30至39歲","高中職及以下","花東區","6-10 溫暖","0-4 冷淡","5 中間",1,1.263792177,1.26379217699998
"男性","30至39歲","高中職及以下","雲嘉南區","5 中間","0-4 冷淡","0-4 冷淡",1,1.4078753650305,1.40787536503048
"男性","30至39歲","高中職及以下","雲嘉南區","5 中間","5 中間","0-4 冷淡",1,1.4078753650305,1.40787536503048
"男性","30至39歲","高中職及以下","雲嘉南區","5 中間","5 中間","5 中間",2,2.815750730061,2.81575073006096
"男性","30至39歲","高中職及以下","高屏區","0-4 冷淡","5 中間","6-10 溫暖",1,2.01644881569107,2.01644881569104
"男性","30至39歲","高中職及以下","高屏區","0-4 冷淡","6-10 溫暖","0-4 冷淡",1,2.01644881569107,2.01644881569104
"男性","30至39歲","高中職及以下","高屏區","5 中間","5 中間","5 中間",2,4.03289763138213,4.03289763138207
"男性","40至49歲","專科及以上","中彰投區","0-4 冷淡","0-4 冷淡","0-4 冷淡",4,3.49700112101842,3.49700112101837
"男性","40至49歲","專科及以上","中彰投區","0-4 冷淡","0-4 冷淡","5 中間",2,1.74850056050921,1.74850056050919
"男性","40至49歲","專科及以上","中彰投區","0-4 冷淡","0-4 冷淡","6-10 溫暖",2,1.74850056050921,1.74850056050919
"男性","40至49歲","專科及以上","中彰投區","0-4 冷淡","5 中間","0-4 冷淡",2,1.89240099783832,1.89240099783829
"男性","40至49歲","專科及以上","中彰投區","0-4 冷淡","6-10 溫暖","0-4 冷淡",5,4.37125140127303,4.37125140127297
"男性","40至49歲","專科及以上","中彰投區","0-4 冷淡","6-10 溫暖","5 中間",2,1.82045077917376,1.82045077917374
"男性","40至49歲","專科及以上","中彰投區","0-4 冷淡","6-10 溫暖","6-10 溫暖",1,0.874250280254605,0.874250280254593
"男性","40至49歲","專科及以上","中彰投區","5 中間","0-4 冷淡","0-4 冷淡",1,0.874250280254605,0.874250280254593
"男性","40至49歲","專科及以上","中彰投區","5 中間","0-4 冷淡","5 中間",2,1.74850056050921,1.74850056050919
"男性","40至49歲","專科及以上","中彰投區","5 中間","0-4 冷淡","6-10 溫暖",1,0.874250280254605,0.874250280254593
"男性","40至49歲","專科及以上","中彰投區","5 中間","5 中間","0-4 冷淡",1,0.874250280254605,0.874250280254593
"男性","40至49歲","專科及以上","中彰投區","5 中間","5 中間","5 中間",3,2.62275084076382,2.62275084076378
"男性","40至49歲","專科及以上","中彰投區","5 中間","6-10 溫暖","0-4 冷淡",1,0.874250280254605,0.874250280254593
"男性","40至49歲","專科及以上","中彰投區","6-10 溫暖","0-4 冷淡","0-4 冷淡",2,1.74850056050921,1.74850056050919
"男性","40至49歲","專科及以上","中彰投區","6-10 溫暖","0-4 冷淡","6-10 溫暖",8,7.2098528980305,7.2098528980304
"男性","40至49歲","專科及以上","中彰投區","6-10 溫暖","5 中間","0-4 冷淡",1,0.874250280254605,0.874250280254593
"男性","40至49歲","專科及以上","中彰投區","6-10 溫暖","5 中間","6-10 溫暖",1,0.874250280254605,0.874250280254593
"男性","40至49歲","專科及以上","中彰投區","6-10 溫暖","6-10 溫暖","0-4 冷淡",1,0.874250280254605,0.874250280254593
"男性","40至49歲","專科及以上","中彰投區","6-10 溫暖","6-10 溫暖","6-10 溫暖",1,0.874250280254605,0.874250280254593
"男性","40至49歲","專科及以上","北北基宜蘭區","0-4 冷淡","0-4 冷淡","0-4 冷淡",9,7.75447412816353,7.75447412816343
"男性","40至49歲","專科及以上","北北基宜蘭區","0-4 冷淡","0-4 冷淡","6-10 溫暖",8,6.90067336249721,6.90067336249712
"男性","40至49歲","專科及以上","北北基宜蘭區","0-4 冷淡","5 中間","0-4 冷淡",2,1.77786876849929,1.77786876849926
"男性","40至49歲","專科及以上","北北基宜蘭區","0-4 冷淡","5 中間","6-10 溫暖",1,0.853800765666321,0.853800765666309
"男性","40至49歲","專科及以上","北北基宜蘭區","0-4 冷淡","6-10 溫暖","0-4 冷淡",17,14.8659492021607,14.8659492021605
"男性","40至49歲","專科及以上","北北基宜蘭區","0-4 冷淡","6-10 溫暖","5 中間",1,0.853800765666321,0.853800765666309
"男性","40至49歲","專科及以上","北北基宜蘭區","5 中間","0-4 冷淡","0-4 冷淡",4,3.48547029983193,3.48547029983188
"男性","40至49歲","專科及以上","北北基宜蘭區","5 中間","0-4 冷淡","5 中間",4,3.48547029983193,3.48547029983188
"男性","40至49歲","專科及以上","北北基宜蘭區","5 中間","0-4 冷淡","6-10 溫暖",3,2.63166953416561,2.63166953416557
"男性","40至49歲","專科及以上","北北基宜蘭區","5 中間","5 中間","5 中間",4,3.41520306266528,3.41520306266523
"男性","40至49歲","專科及以上","北北基宜蘭區","5 中間","5 中間","6-10 溫暖",1,0.853800765666321,0.853800765666309
"男性","40至49歲","專科及以上","北北基宜蘭區","6-10 溫暖","0-4 冷淡","0-4 冷淡",2,1.70760153133264,1.70760153133262
"男性","40至49歲","專科及以上","北北基宜蘭區","6-10 溫暖","0-4 冷淡","5 中間",3,2.63166953416561,2.63166953416557
"男性","40至49歲","專科及以上","北北基宜蘭區","6-10 溫暖","0-4 冷淡","6-10 溫暖",8,6.83040612533057,6.83040612533047
"男性","40至49歲","專科及以上","北北基宜蘭區","6-10 溫暖","6-10 溫暖","0-4 冷淡",1,0.853800765666321,0.853800765666309
"男性","40至49歲","專科及以上","北北基宜蘭區","6-10 溫暖","6-10 溫暖","6-10 溫暖",3,2.63166953416561,2.63166953416557
"男性","40至49歲","專科及以上","桃竹苗區","0-4 冷淡","0-4 冷淡","0-4 冷淡",7,5.62669496472434,5.62669496472426
"男性","40至49歲","專科及以上","桃竹苗區","0-4 冷淡","0-4 冷淡","5 中間",4,3.21525426555676,3.21525426555672
"男性","40至49歲","專科及以上","桃竹苗區","0-4 冷淡","0-4 冷淡","6-10 溫暖",3,2.41144069916757,2.41144069916754
"男性","40至49歲","專科及以上","桃竹苗區","0-4 冷淡","5 中間","0-4 冷淡",1,0.803813566389191,0.80381356638918
"男性","40至49歲","專科及以上","桃竹苗區","0-4 冷淡","6-10 溫暖","0-4 冷淡",6,4.88903472212979,4.88903472212972
"男性","40至49歲","專科及以上","桃竹苗區","0-4 冷淡","6-10 溫暖","5 中間",1,0.803813566389191,0.80381356638918
"男性","40至49歲","專科及以上","桃竹苗區","5 中間","0-4 冷淡","5 中間",3,2.41144069916757,2.41144069916754
"男性","40至49歲","專科及以上","桃竹苗區","5 中間","0-4 冷淡","6-10 溫暖",1,0.803813566389191,0.80381356638918
"男性","40至49歲","專科及以上","桃竹苗區","5 中間","5 中間","0-4 冷淡",1,0.803813566389191,0.80381356638918
"男性","40至49歲","專科及以上","桃竹苗區","5 中間","5 中間","5 中間",4,3.21525426555676,3.21525426555672
"男性","40至49歲","專科及以上","桃竹苗區","5 中間","5 中間","6-10 溫暖",1,0.803813566389191,0.80381356638918
"男性","40至49歲","專科及以上","桃竹苗區","5 中間","6-10 溫暖","5 中間",1,0.86996689018383,0.869966890183818
"男性","40至49歲","專科及以上","桃竹苗區","6-10 溫暖","0-4 冷淡","5 中間",1,0.803813566389191,0.80381356638918
"男性","40至49歲","專科及以上","桃竹苗區","6-10 溫暖","0-4 冷淡","6-10 溫暖",3,2.47759402296221,2.47759402296218
"男性","40至49歲","專科及以上","桃竹苗區","6-10 溫暖","5 中間","5 中間",1,0.803813566389191,0.80381356638918
"男性","40至49歲","專科及以上","桃竹苗區","6-10 溫暖","5 中間","6-10 溫暖",1,0.803813566389191,0.80381356638918
"男性","40至49歲","專科及以上","桃竹苗區","6-10 溫暖","6-10 溫暖","5 中間",1,0.803813566389191,0.80381356638918
"男性","40至49歲","專科及以上","桃竹苗區","6-10 溫暖","6-10 溫暖","6-10 溫暖",2,1.67378045657302,1.673780456573
"男性","40至49歲","專科及以上","花東區","6-10 溫暖","0-4 冷淡","6-10 溫暖",1,0.731820308931026,0.731820308931016
"男性","40至49歲","專科及以上","雲嘉南區","0-4 冷淡","0-4 冷淡","0-4 冷淡",5,3.76630612402433,3.76630612402428
"男性","40至49歲","專科及以上","雲嘉南區","0-4 冷淡","0-4 冷淡","5 中間",1,0.753261224804867,0.753261224804857
"男性","40至49歲","專科及以上","雲嘉南區","0-4 冷淡","0-4 冷淡","6-10 溫暖",2,1.56851534919503,1.56851534919501
"男性","40至49歲","專科及以上","雲嘉南區","0-4 冷淡","5 中間","0-4 冷淡",2,1.56851534919503,1.56851534919501
"男性","40至49歲","專科及以上","雲嘉南區","0-4 冷淡","5 中間","5 中間",2,1.50652244960973,1.50652244960971
"男性","40至49歲","專科及以上","雲嘉南區","0-4 冷淡","6-10 溫暖","0-4 冷淡",8,6.08808269802423,6.08808269802415
"男性","40至49歲","專科及以上","雲嘉南區","0-4 冷淡","6-10 溫暖","5 中間",1,0.753261224804867,0.753261224804857
"男性","40至49歲","專科及以上","雲嘉南區","0-4 冷淡","6-10 溫暖","6-10 溫暖",1,0.753261224804867,0.753261224804857
"男性","40至49歲","專科及以上","雲嘉南區","5 中間","0-4 冷淡","0-4 冷淡",1,0.753261224804867,0.753261224804857
"男性","40至49歲","專科及以上","雲嘉南區","5 中間","0-4 冷淡","5 中間",1,0.753261224804867,0.753261224804857
"男性","40至49歲","專科及以上","雲嘉南區","5 中間","0-4 冷淡","6-10 溫暖",1,0.753261224804867,0.753261224804857
"男性","40至49歲","專科及以上","雲嘉南區","5 中間","5 中間","5 中間",4,3.13703069839005,3.13703069839001
"男性","40至49歲","專科及以上","雲嘉南區","6-10 溫暖","0-4 冷淡","5 中間",2,1.63050824878032,1.6305082487803
"男性","40至49歲","專科及以上","雲嘉南區","6-10 溫暖","5 中間","0-4 冷淡",1,0.753261224804867,0.753261224804857
"男性","40至49歲","專科及以上","雲嘉南區","6-10 溫暖","5 中間","5 中間",1,0.753261224804867,0.753261224804857
"男性","40至49歲","專科及以上","雲嘉南區","6-10 溫暖","5 中間","6-10 溫暖",1,0.753261224804867,0.753261224804857
"男性","40至49歲","專科及以上","高屏區","0-4 冷淡","0-4 冷淡","0-4 冷淡",7,7.90724182335938,7.90724182335927
"男性","40至49歲","專科及以上","高屏區","0-4 冷淡","0-4 冷淡","5 中間",1,1.07886872829178,1.07886872829177
"男性","40至49歲","專科及以上","高屏區","0-4 冷淡","6-10 溫暖","0-4 冷淡",10,10.877477464247,10.8774774642469
"男性","40至49歲","專科及以上","高屏區","0-4 冷淡","6-10 溫暖","6-10 溫暖",1,1.07886872829178,1.07886872829177
"男性","40至49歲","專科及以上","高屏區","5 中間","0-4 冷淡","5 中間",1,1.07886872829178,1.07886872829177
"男性","40至49歲","專科及以上","高屏區","5 中間","5 中間","0-4 冷淡",1,1.16765890962101,1.16765890962099
"男性","40至49歲","專科及以上","高屏區","5 中間","5 中間","5 中間",1,1.07886872829178,1.07886872829177
"男性","40至49歲","專科及以上","高屏區","5 中間","6-10 溫暖","0-4 冷淡",1,1.16765890962101,1.16765890962099
"男性","40至49歲","專科及以上","高屏區","6-10 溫暖","0-4 冷淡","5 中間",2,2.24652763791279,2.24652763791276
"男性","40至49歲","專科及以上","高屏區","6-10 溫暖","5 中間","0-4 冷淡",1,1.16765890962101,1.16765890962099
"男性","40至49歲","高中職及以下","中彰投區","0-4 冷淡","0-4 冷淡","0-4 冷淡",1,1.21688017998145,1.21688017998143
"男性","40至49歲","高中職及以下","中彰投區","0-4 冷淡","5 中間","0-4 冷淡",1,1.21688017998145,1.21688017998143
"男性","40至49歲","高中職及以下","中彰投區","0-4 冷淡","5 中間","5 中間",1,1.21688017998145,1.21688017998143
"男性","40至49歲","高中職及以下","中彰投區","0-4 冷淡","6-10 溫暖","0-4 冷淡",1,1.21688017998145,1.21688017998143
"男性","40至49歲","高中職及以下","中彰投區","5 中間","0-4 冷淡","0-4 冷淡",1,1.43272500978548,1.43272500978546
"男性","40至49歲","高中職及以下","中彰投區","5 中間","0-4 冷淡","5 中間",2,2.43376035996291,2.43376035996288
"男性","40至49歲","高中職及以下","中彰投區","5 中間","0-4 冷淡","6-10 溫暖",2,2.4337603599629,2.43376035996287
"男性","40至49歲","高中職及以下","中彰投區","5 中間","5 中間","5 中間",4,5.25003250494949,5.25003250494942
"男性","40至49歲","高中職及以下","中彰投區","6-10 溫暖","0-4 冷淡","5 中間",1,1.3835471352011,1.38354713520108
"男性","40至49歲","高中職及以下","中彰投區","6-10 溫暖","0-4 冷淡","6-10 溫暖",3,3.65064053994435,3.6506405399443
"男性","40至49歲","高中職及以下","中彰投區","6-10 溫暖","5 中間","5 中間",1,1.21688017998145,1.21688017998143
"男性","40至49歲","高中職及以下","中彰投區","6-10 溫暖","5 中間","6-10 溫暖",1,1.21688017998145,1.21688017998143
"男性","40至49歲","高中職及以下","北北基宜蘭區","0-4 冷淡","0-4 冷淡","0-4 冷淡",2,2.37683247659872,2.37683247659869
"男性","40至49歲","高中職及以下","北北基宜蘭區","0-4 冷淡","5 中間","0-4 冷淡",1,1.18841623829936,1.18841623829934
"男性","40至49歲","高中職及以下","北北基宜蘭區","0-4 冷淡","5 中間","5 中間",1,1.18841623829936,1.18841623829934
"男性","40至49歲","高中職及以下","北北基宜蘭區","0-4 冷淡","6-10 溫暖","0-4 冷淡",2,2.79842451977912,2.79842451977908
"男性","40至49歲","高中職及以下","北北基宜蘭區","5 中間","0-4 冷淡","5 中間",1,1.18841623829936,1.18841623829934
"男性","40至49歲","高中職及以下","北北基宜蘭區","5 中間","0-4 冷淡","6-10 溫暖",1,1.18841623829936,1.18841623829934
"男性","40至49歲","高中職及以下","北北基宜蘭區","5 中間","5 中間","5 中間",1,1.18841623829936,1.18841623829934
"男性","40至49歲","高中職及以下","北北基宜蘭區","5 中間","6-10 溫暖","5 中間",1,1.39921225988956,1.39921225988954
"男性","40至49歲","高中職及以下","北北基宜蘭區","6-10 溫暖","0-4 冷淡","6-10 溫暖",2,2.58762849818892,2.58762849818888
"男性","40至49歲","高中職及以下","北北基宜蘭區","6-10 溫暖","6-10 溫暖","0-4 冷淡",1,1.39921225988956,1.39921225988954
"男性","40至49歲","高中職及以下","北北基宜蘭區","6-10 溫暖","6-10 溫暖","6-10 溫暖",1,1.18841623829936,1.18841623829934
"男性","40至49歲","高中職及以下","桃竹苗區","0-4 冷淡","5 中間","0-4 冷淡",1,1.31729302898852,1.3172930289885
"男性","40至49歲","高中職及以下","桃竹苗區","0-4 冷淡","5 中間","6-10 溫暖",1,1.11883841438901,1.11883841438899
"男性","40至49歲","高中職及以下","桃竹苗區","0-4 冷淡","6-10 溫暖","0-4 冷淡",6,7.10993971553308,7.10993971553298
"男性","40至49歲","高中職及以下","桃竹苗區","5 中間","0-4 冷淡","6-10 溫暖",2,2.23767682877802,2.23767682877799
"男性","40至49歲","高中職及以下","桃竹苗區","5 中間","5 中間","5 中間",1,1.31729302898852,1.3172930289885
"男性","40至49歲","高中職及以下","桃竹苗區","6-10 溫暖","5 中間","0-4 冷淡",1,1.11883841438901,1.11883841438899
"男性","40至49歲","高中職及以下","桃竹苗區","6-10 溫暖","5 中間","6-10 溫暖",1,1.11883841438901,1.11883841438899
"男性","40至49歲","高中職及以下","花東區","0-4 冷淡","5 中間","0-4 冷淡",1,0.941172225403948,0.941172225403935
"男性","40至49歲","高中職及以下","花東區","5 中間","5 中間","0-4 冷淡",1,0.941172225403948,0.941172225403935
"男性","40至49歲","高中職及以下","花東區","6-10 溫暖","5 中間","6-10 溫暖",1,0.941172225403948,0.941172225403935
"男性","40至49歲","高中職及以下","雲嘉南區","0-4 冷淡","0-4 冷淡","0-4 冷淡",3,3.14542188495489,3.14542188495485
"男性","40至49歲","高中職及以下","雲嘉南區","0-4 冷淡","0-4 冷淡","6-10 溫暖",1,1.04847396165163,1.04847396165162
"男性","40至49歲","高中職及以下","雲嘉南區","0-4 冷淡","6-10 溫暖","0-4 冷淡",1,1.04847396165163,1.04847396165162
"男性","40至49歲","高中職及以下","雲嘉南區","5 中間","0-4 冷淡","0-4 冷淡",1,1.04847396165163,1.04847396165162
"男性","40至49歲","高中職及以下","雲嘉南區","5 中間","0-4 冷淡","5 中間",1,1.04847396165163,1.04847396165162
"男性","40至49歲","高中職及以下","雲嘉南區","5 中間","0-4 冷淡","6-10 溫暖",1,1.04847396165163,1.04847396165162
"男性","40至49歲","高中職及以下","雲嘉南區","5 中間","5 中間","0-4 冷淡",1,1.04847396165163,1.04847396165162
"男性","40至49歲","高中職及以下","雲嘉南區","5 中間","5 中間","5 中間",2,2.09694792330327,2.09694792330324
"男性","40至49歲","高中職及以下","雲嘉南區","6-10 溫暖","0-4 冷淡","0-4 冷淡",2,2.28292160216629,2.28292160216626
"男性","40至49歲","高中職及以下","雲嘉南區","6-10 溫暖","6-10 溫暖","6-10 溫暖",2,2.09694792330326,2.09694792330323
"男性","40至49歲","高中職及以下","高屏區","0-4 冷淡","5 中間","0-4 冷淡",2,3.00338244530554,3.0033824453055
"男性","40至49歲","高中職及以下","高屏區","5 中間","0-4 冷淡","0-4 冷淡",1,1.50169122265277,1.50169122265275
"男性","40至49歲","高中職及以下","高屏區","5 中間","0-4 冷淡","5 中間",1,1.50169122265277,1.50169122265275
"男性","40至49歲","高中職及以下","高屏區","5 中間","5 中間","0-4 冷淡",1,1.76805457683002,1.76805457683
"男性","40至49歲","高中職及以下","高屏區","5 中間","5 中間","5 中間",1,1.50169122265277,1.50169122265275
"男性","40至49歲","高中職及以下","高屏區","6-10 溫暖","6-10 溫暖","6-10 溫暖",1,1.50169122265277,1.50169122265275
"男性","50至59歲","專科及以上","中彰投區","0-4 冷淡","0-4 冷淡","0-4 冷淡",2,1.64384329714586,1.64384329714584
"男性","50至59歲","專科及以上","中彰投區","0-4 冷淡","0-4 冷淡","6-10 溫暖",1,0.854406702833387,0.854406702833375
"男性","50至59歲","專科及以上","中彰投區","0-4 冷淡","6-10 溫暖","0-4 冷淡",5,4.01215308008327,4.01215308008322
"男性","50至59歲","專科及以上","中彰投區","5 中間","0-4 冷淡","0-4 冷淡",1,0.789436594312472,0.789436594312461
"男性","50至59歲","專科及以上","中彰投區","5 中間","0-4 冷淡","5 中間",1,0.789436594312472,0.789436594312461
"男性","50至59歲","專科及以上","中彰投區","5 中間","0-4 冷淡","6-10 溫暖",2,1.64384329714586,1.64384329714584
"男性","50至59歲","專科及以上","中彰投區","5 中間","5 中間","0-4 冷淡",1,0.789436594312472,0.789436594312461
"男性","50至59歲","專科及以上","中彰投區","5 中間","5 中間","5 中間",2,1.64384329714586,1.64384329714584
"男性","50至59歲","專科及以上","中彰投區","6-10 溫暖","0-4 冷淡","5 中間",2,1.57887318862494,1.57887318862492
"男性","50至59歲","專科及以上","中彰投區","6-10 溫暖","5 中間","0-4 冷淡",1,0.854406702833387,0.854406702833375
"男性","50至59歲","專科及以上","中彰投區","6-10 溫暖","5 中間","6-10 溫暖",1,0.854406702833387,0.854406702833375
"男性","50至59歲","專科及以上","中彰投區","6-10 溫暖","6-10 溫暖","0-4 冷淡",1,0.854406702833387,0.854406702833375
"男性","50至59歲","專科及以上","中彰投區","6-10 溫暖","6-10 溫暖","5 中間",2,1.64384329714586,1.64384329714584
"男性","50至59歲","專科及以上","中彰投區","6-10 溫暖","6-10 溫暖","6-10 溫暖",1,0.789436594312472,0.789436594312461
"男性","50至59歲","專科及以上","北北基宜蘭區","0-4 冷淡","0-4 冷淡","0-4 冷淡",4,3.08388379800214,3.08388379800209
"男性","50至59歲","專科及以上","北北基宜蘭區","0-4 冷淡","0-4 冷淡","5 中間",1,0.834421347691344,0.834421347691333
"男性","50至59歲","專科及以上","北北基宜蘭區","0-4 冷淡","5 中間","0-4 冷淡",2,1.60539229719188,1.60539229719186
"男性","50至59歲","專科及以上","北北基宜蘭區","0-4 冷淡","5 中間","6-10 溫暖",1,0.770970949500534,0.770970949500523
"男性","50至59歲","專科及以上","北北基宜蘭區","0-4 冷淡","6-10 溫暖","0-4 冷淡",12,9.37855219038803,9.3785521903879
"男性","50至59歲","專科及以上","北北基宜蘭區","0-4 冷淡","6-10 溫暖","6-10 溫暖",1,0.770970949500534,0.770970949500523
"男性","50至59歲","專科及以上","北北基宜蘭區","5 中間","0-4 冷淡","5 中間",1,0.770970949500534,0.770970949500523
"男性","50至59歲","專科及以上","北北基宜蘭區","5 中間","0-4 冷淡","6-10 溫暖",1,0.834421347691344,0.834421347691333
"男性","50至59歲","專科及以上","北北基宜蘭區","5 中間","5 中間","0-4 冷淡",1,0.770970949500534,0.770970949500523
"男性","50至59歲","專科及以上","北北基宜蘭區","5 中間","5 中間","5 中間",4,3.27423499257457,3.27423499257452
"男性","50至59歲","專科及以上","北北基宜蘭區","5 中間","6-10 溫暖","0-4 冷淡",1,0.834421347691344,0.834421347691333
"男性","50至59歲","專科及以上","北北基宜蘭區","5 中間","6-10 溫暖","5 中間",1,0.834421347691344,0.834421347691333
"男性","50至59歲","專科及以上","北北基宜蘭區","6-10 溫暖","0-4 冷淡","5 中間",5,4.0452059420751,4.04520594207504
"男性","50至59歲","專科及以上","北北基宜蘭區","6-10 溫暖","0-4 冷淡","6-10 溫暖",5,3.85485474750267,3.85485474750262
"男性","50至59歲","專科及以上","北北基宜蘭區","6-10 溫暖","6-10 溫暖","0-4 冷淡",1,0.770970949500534,0.770970949500523
"男性","50至59歲","專科及以上","北北基宜蘭區","6-10 溫暖","6-10 溫暖","5 中間",1,0.834421347691344,0.834421347691333
"男性","50至59歲","專科及以上","桃竹苗區","0-4 冷淡","0-4 冷淡","0-4 冷淡",2,1.4516663217486,1.45166632174858
"男性","50至59歲","專科及以上","桃竹苗區","0-4 冷淡","0-4 冷淡","5 中間",2,1.51140190985008,1.51140190985006
"男性","50至59歲","專科及以上","桃竹苗區","0-4 冷淡","0-4 冷淡","6-10 溫暖",1,0.725833160874302,0.725833160874292
"男性","50至59歲","專科及以上","桃竹苗區","0-4 冷淡","5 中間","0-4 冷淡",1,0.78556874897578,0.785568748975769
"男性","50至59歲","專科及以上","桃竹苗區","0-4 冷淡","6-10 溫暖","0-4 冷淡",6,4.47447014144877,4.47447014144871
"男性","50至59歲","專科及以上","桃竹苗區","0-4 冷淡","6-10 溫暖","5 中間",1,0.78556874897578,0.785568748975769
"男性","50至59歲","專科及以上","桃竹苗區","5 中間","0-4 冷淡","0-4 冷淡",1,0.725833160874302,0.725833160874292
"男性","50至59歲","專科及以上","桃竹苗區","5 中間","0-4 冷淡","5 中間",1,0.78556874897578,0.785568748975769
"男性","50至59歲","專科及以上","桃竹苗區","5 中間","0-4 冷淡","6-10 溫暖",1,0.725833160874302,0.725833160874292
"男性","50至59歲","專科及以上","桃竹苗區","5 中間","5 中間","5 中間",1,0.78556874897578,0.785568748975769
"男性","50至59歲","專科及以上","桃竹苗區","6-10 溫暖","0-4 冷淡","0-4 冷淡",2,1.57113749795156,1.57113749795154
"男性","50至59歲","專科及以上","桃竹苗區","6-10 溫暖","0-4 冷淡","5 中間",3,2.35670624692734,2.35670624692731
"男性","50至59歲","專科及以上","桃竹苗區","6-10 溫暖","0-4 冷淡","6-10 溫暖",6,4.53420572955025,4.53420572955018
"男性","50至59歲","專科及以上","桃竹苗區","6-10 溫暖","5 中間","5 中間",1,0.725833160874302,0.725833160874292
"男性","50至59歲","專科及以上","桃竹苗區","6-10 溫暖","5 中間","6-10 溫暖",1,0.78556874897578,0.785568748975769
"男性","50至59歲","專科及以上","桃竹苗區","6-10 溫暖","6-10 溫暖","6-10 溫暖",1,0.78556874897578,0.785568748975769
"男性","50至59歲","專科及以上","花東區","0-4 冷淡","0-4 冷淡","0-4 冷淡",1,0.660824189,0.660824188999991
"男性","50至59歲","專科及以上","花東區","0-4 冷淡","6-10 溫暖","0-4 冷淡",1,0.660824189,0.660824188999991
"男性","50至59歲","專科及以上","花東區","5 中間","5 中間","0-4 冷淡",1,0.610574326467957,0.610574326467949
"男性","50至59歲","專科及以上","花東區","6-10 溫暖","0-4 冷淡","0-4 冷淡",1,0.660824189,0.660824188999991
"男性","50至59歲","專科及以上","花東區","6-10 溫暖","0-4 冷淡","5 中間",1,0.660824189,0.660824188999991
"男性","50至59歲","專科及以上","花東區","6-10 溫暖","0-4 冷淡","6-10 溫暖",5,3.20362121993591,3.20362121993587
"男性","50至59歲","專科及以上","雲嘉南區","0-4 冷淡","0-4 冷淡","0-4 冷淡",1,0.680185056119647,0.680185056119638
"男性","50至59歲","專科及以上","雲嘉南區","0-4 冷淡","6-10 溫暖","0-4 冷淡",8,5.60941678695612,5.60941678695604
"男性","50至59歲","專科及以上","雲嘉南區","0-4 冷淡","6-10 溫暖","5 中間",2,1.36037011223929,1.36037011223927
"男性","50至59歲","專科及以上","雲嘉南區","5 中間","5 中間","0-4 冷淡",1,0.680185056119647,0.680185056119638
"男性","50至59歲","專科及以上","雲嘉南區","5 中間","5 中間","5 中間",6,4.3050254540498,4.30502545404974
"男性","50至59歲","專科及以上","雲嘉南區","5 中間","6-10 溫暖","0-4 冷淡",1,0.736163835452628,0.736163835452618
"男性","50至59歲","專科及以上","雲嘉南區","6-10 溫暖","0-4 冷淡","0-4 冷淡",1,0.680185056119647,0.680185056119638
"男性","50至59歲","專科及以上","雲嘉南區","6-10 溫暖","0-4 冷淡","5 中間",2,1.47232767090526,1.47232767090524
"男性","50至59歲","專科及以上","雲嘉南區","6-10 溫暖","0-4 冷淡","6-10 溫暖",2,1.41634889157227,1.41634889157226
"男性","50至59歲","專科及以上","雲嘉南區","6-10 溫暖","5 中間","0-4 冷淡",1,0.736163835452628,0.736163835452618
"男性","50至59歲","專科及以上","雲嘉南區","6-10 溫暖","5 中間","5 中間",1,0.680185056119647,0.680185056119638
"男性","50至59歲","專科及以上","雲嘉南區","6-10 溫暖","6-10 溫暖","6-10 溫暖",2,1.36037011223929,1.36037011223928
"男性","50至59歲","專科及以上","高屏區","0-4 冷淡","0-4 冷淡","0-4 冷淡",1,0.974204382668143,0.97420438266813
"男性","50至59歲","專科及以上","高屏區","0-4 冷淡","6-10 溫暖","0-4 冷淡",3,2.92261314800443,2.92261314800439
"男性","50至59歲","專科及以上","高屏區","5 中間","0-4 冷淡","0-4 冷淡",1,0.974204382668143,0.97420438266813
"男性","50至59歲","專科及以上","高屏區","5 中間","0-4 冷淡","6-10 溫暖",2,2.10876151543556,2.10876151543553
"男性","50至59歲","專科及以上","高屏區","5 中間","6-10 溫暖","0-4 冷淡",1,0.974204382668143,0.97420438266813
"男性","50至59歲","專科及以上","高屏區","6-10 溫暖","0-4 冷淡","0-4 冷淡",4,4.05717028077185,4.05717028077179
"男性","50至59歲","專科及以上","高屏區","6-10 溫暖","0-4 冷淡","5 中間",1,0.974204382668143,0.97420438266813
"男性","50至59歲","專科及以上","高屏區","6-10 溫暖","0-4 冷淡","6-10 溫暖",1,0.974204382668143,0.97420438266813
"男性","50至59歲","專科及以上","高屏區","6-10 溫暖","5 中間","0-4 冷淡",1,1.05438075771778,1.05438075771777
"男性","50至59歲","高中職及以下","中彰投區","0-4 冷淡","0-4 冷淡","0-4 冷淡",2,2.19765384505484,2.19765384505481
"男性","50至59歲","高中職及以下","中彰投區","0-4 冷淡","6-10 溫暖","0-4 冷淡",2,2.19765384505484,2.19765384505481
"男性","50至59歲","高中職及以下","中彰投區","5 中間","0-4 冷淡","0-4 冷淡",1,1.09882692252742,1.09882692252741
"男性","50至59歲","高中職及以下","中彰投區","5 中間","5 中間","0-4 冷淡",1,1.29373198711696,1.29373198711694
"男性","50至59歲","高中職及以下","中彰投區","5 中間","6-10 溫暖","0-4 冷淡",1,1.09882692252742,1.09882692252741
"男性","50至59歲","高中職及以下","中彰投區","6-10 溫暖","0-4 冷淡","0-4 冷淡",1,1.29373198711696,1.29373198711694
"男性","50至59歲","高中職及以下","中彰投區","6-10 溫暖","0-4 冷淡","5 中間",3,3.68629089676134,3.68629089676129
"男性","50至59歲","高中職及以下","北北基宜蘭區","0-4 冷淡","0-4 冷淡","0-4 冷淡",4,4.29249741854452,4.29249741854446
"男性","50至59歲","高中職及以下","北北基宜蘭區","0-4 冷淡","5 中間","0-4 冷淡",2,2.33659476593046,2.33659476593043
"男性","50至59歲","高中職及以下","北北基宜蘭區","0-4 冷淡","6-10 溫暖","0-4 冷淡",5,5.74631388649705,5.74631388649697
"男性","50至59歲","高中職及以下","北北基宜蘭區","5 中間","0-4 冷淡","0-4 冷淡",1,1.07312435463613,1.07312435463612
"男性","50至59歲","高中職及以下","北北基宜蘭區","5 中間","0-4 冷淡","5 中間",1,1.07312435463613,1.07312435463612
"男性","50至59歲","高中職及以下","北北基宜蘭區","5 中間","5 中間","0-4 冷淡",2,2.14624870927226,2.14624870927223
"男性","50至59歲","高中職及以下","北北基宜蘭區","5 中間","5 中間","5 中間",5,6.12700599981346,6.12700599981338
"男性","50至59歲","高中職及以下","北北基宜蘭區","5 中間","5 中間","6-10 溫暖",1,1.07312435463613,1.07312435463612
"男性","50至59歲","高中職及以下","北北基宜蘭區","5 中間","6-10 溫暖","0-4 冷淡",1,1.07312435463613,1.07312435463612
"男性","50至59歲","高中職及以下","北北基宜蘭區","6-10 溫暖","0-4 冷淡","0-4 冷淡",4,4.29249741854452,4.29249741854446
"男性","50至59歲","高中職及以下","北北基宜蘭區","6-10 溫暖","0-4 冷淡","5 中間",5,5.36562177318066,5.36562177318059
"男性","50至59歲","高中職及以下","北北基宜蘭區","6-10 溫暖","0-4 冷淡","6-10 溫暖",3,3.21937306390839,3.21937306390835
"男性","50至59歲","高中職及以下","北北基宜蘭區","6-10 溫暖","5 中間","0-4 冷淡",1,1.07312435463613,1.07312435463612
"男性","50至59歲","高中職及以下","北北基宜蘭區","6-10 溫暖","5 中間","6-10 溫暖",1,1.07312435463613,1.07312435463612
"男性","50至59歲","高中職及以下","北北基宜蘭區","6-10 溫暖","6-10 溫暖","6-10 溫暖",1,1.07312435463613,1.07312435463612
"男性","50至59歲","高中職及以下","桃竹苗區","0-4 冷淡","5 中間","0-4 冷淡",1,1.01029648761909,1.01029648761908
"男性","50至59歲","高中職及以下","桃竹苗區","0-4 冷淡","6-10 溫暖","0-4 冷淡",7,7.60968119492766,7.60968119492756
"男性","50至59歲","高中職及以下","桃竹苗區","5 中間","0-4 冷淡","0-4 冷淡",5,5.23068436529346,5.23068436529339
"男性","50至59歲","高中職及以下","桃竹苗區","5 中間","0-4 冷淡","5 中間",1,1.01029648761909,1.01029648761908
"男性","50至59歲","高中職及以下","桃竹苗區","5 中間","5 中間","0-4 冷淡",3,3.21009139005528,3.21009139005524
"男性","50至59歲","高中職及以下","桃竹苗區","5 中間","5 中間","6-10 溫暖",1,1.01029648761909,1.01029648761908
"男性","50至59歲","高中職及以下","桃竹苗區","6-10 溫暖","0-4 冷淡","0-4 冷淡",2,2.02059297523818,2.02059297523815
"男性","50至59歲","高中職及以下","桃竹苗區","6-10 溫暖","0-4 冷淡","5 中間",2,2.02059297523818,2.02059297523815
"男性","50至59歲","高中職及以下","桃竹苗區","6-10 溫暖","0-4 冷淡","6-10 溫暖",3,3.03088946285727,3.03088946285723
"男性","50至59歲","高中職及以下","花東區","0-4 冷淡","6-10 溫暖","0-4 冷淡",1,0.849866237,0.849866236999988
"男性","50至59歲","高中職及以下","花東區","6-10 溫暖","6-10 溫暖","6-10 溫暖",1,0.849866237,0.849866236999988
"男性","50至59歲","高中職及以下","雲嘉南區","0-4 冷淡","5 中間","0-4 冷淡",1,0.94675830503654,0.946758305036527
"男性","50至59歲","高中職及以下","雲嘉南區","0-4 冷淡","6-10 溫暖","0-4 冷淡",7,7.26077393768966,7.26077393768956
"男性","50至59歲","高中職及以下","雲嘉南區","5 中間","5 中間","5 中間",3,2.84027491510962,2.84027491510958
"男性","50至59歲","高中職及以下","雲嘉南區","5 中間","6-10 溫暖","5 中間",2,1.89351661007308,1.89351661007305
"男性","50至59歲","高中職及以下","雲嘉南區","6-10 溫暖","0-4 冷淡","6-10 溫暖",1,0.94675830503654,0.946758305036527
"男性","50至59歲","高中職及以下","高屏區","0-4 冷淡","0-4 冷淡","0-4 冷淡",2,2.71201515468702,2.71201515468698
"男性","50至59歲","高中職及以下","高屏區","0-4 冷淡","6-10 溫暖","0-4 冷淡",2,2.9525377875309,2.95253778753086
"男性","50至59歲","高中職及以下","高屏區","5 中間","0-4 冷淡","5 中間",1,1.35600757734351,1.35600757734349
"男性","50至59歲","高中職及以下","高屏區","5 中間","5 中間","0-4 冷淡",1,1.59653021018739,1.59653021018737
"男性","50至59歲","高中職及以下","高屏區","5 中間","5 中間","5 中間",3,4.06802273203053,4.06802273203048
"男性","50至59歲","高中職及以下","高屏區","6-10 溫暖","0-4 冷淡","5 中間",2,2.9525377875309,2.95253778753086
"男性","60歲及以上","專科及以上","中彰投區","0-4 冷淡","0-4 冷淡","0-4 冷淡",1,0.609203677889509,0.609203677889501
"男性","60歲及以上","專科及以上","中彰投區","0-4 冷淡","6-10 溫暖","0-4 冷淡",12,7.03249667289109,7.032496672891
"男性","60歲及以上","專科及以上","中彰投區","5 中間","0-4 冷淡","0-4 冷淡",2,1.21840735577902,1.218407355779
"男性","60歲及以上","專科及以上","中彰投區","5 中間","0-4 冷淡","5 中間",2,1.17208277881518,1.17208277881517
"男性","60歲及以上","專科及以上","中彰投區","5 中間","5 中間","5 中間",2,1.21840735577902,1.218407355779
"男性","60歲及以上","專科及以上","中彰投區","5 中間","6-10 溫暖","0-4 冷淡",1,0.609203677889509,0.609203677889501
"男性","60歲及以上","專科及以上","中彰投區","6-10 溫暖","0-4 冷淡","0-4 冷淡",5,2.95336923551987,2.95336923551983
"男性","60歲及以上","專科及以上","中彰投區","6-10 溫暖","0-4 冷淡","5 中間",2,1.12575820185135,1.12575820185133
"男性","60歲及以上","專科及以上","中彰投區","6-10 溫暖","0-4 冷淡","6-10 溫暖",7,4.03280286040738,4.03280286040733
"男性","60歲及以上","專科及以上","中彰投區","6-10 溫暖","5 中間","6-10 溫暖",2,1.21840735577902,1.218407355779
"男性","60歲及以上","專科及以上","中彰投區","6-10 溫暖","6-10 溫暖","5 中間",1,0.562879100925673,0.562879100925665
"男性","60歲及以上","專科及以上","北北基宜蘭區","0-4 冷淡","0-4 冷淡","0-4 冷淡",4,2.28933337873286,2.28933337873282
"男性","60歲及以上","專科及以上","北北基宜蘭區","0-4 冷淡","0-4 冷淡","6-10 溫暖",1,0.549712843338123,0.549712843338116
"男性","60歲及以上","專科及以上","北北基宜蘭區","0-4 冷淡","5 中間","5 中間",1,0.549712843338123,0.549712843338116
"男性","60歲及以上","專科及以上","北北基宜蘭區","0-4 冷淡","6-10 溫暖","0-4 冷淡",25,14.1952311103549,14.1952311103547
"男性","60歲及以上","專科及以上","北北基宜蘭區","0-4 冷淡","6-10 溫暖","5 中間",1,0.594953846028305,0.594953846028297
"男性","60歲及以上","專科及以上","北北基宜蘭區","5 中間","0-4 冷淡","0-4 冷淡",2,1.09942568667625,1.09942568667623
"男性","60歲及以上","專科及以上","北北基宜蘭區","5 中間","0-4 冷淡","5 中間",2,1.14466668936643,1.14466668936641
"男性","60歲及以上","專科及以上","北北基宜蘭區","5 中間","0-4 冷淡","6-10 溫暖",2,1.14466668936643,1.14466668936641
"男性","60歲及以上","專科及以上","北北基宜蘭區","5 中間","5 中間","5 中間",3,1.73962053539473,1.73962053539471
"男性","60歲及以上","專科及以上","北北基宜蘭區","6-10 溫暖","0-4 冷淡","0-4 冷淡",11,6.09208227940954,6.09208227940945
"男性","60歲及以上","專科及以上","北北基宜蘭區","6-10 溫暖","0-4 冷淡","5 中間",17,9.57132335019901,9.57132335019888
"男性","60歲及以上","專科及以上","北北基宜蘭區","6-10 溫暖","0-4 冷淡","6-10 溫暖",5,2.83904622207098,2.83904622207094
"男性","60歲及以上","專科及以上","北北基宜蘭區","6-10 溫暖","5 中間","0-4 冷淡",1,0.549712843338123,0.549712843338116
"男性","60歲及以上","專科及以上","北北基宜蘭區","6-10 溫暖","5 中間","5 中間",1,0.549712843338123,0.549712843338116
"男性","60歲及以上","專科及以上","北北基宜蘭區","6-10 溫暖","5 中間","6-10 溫暖",2,1.18990769205661,1.18990769205659
"男性","60歲及以上","專科及以上","北北基宜蘭區","6-10 溫暖","6-10 溫暖","0-4 冷淡",2,1.14466668936643,1.14466668936641
"男性","60歲及以上","專科及以上","桃竹苗區","0-4 冷淡","0-4 冷淡","0-4 冷淡",2,1.035057964,1.03505796399999
"男性","60歲及以上","專科及以上","桃竹苗區","0-4 冷淡","6-10 溫暖","0-4 冷淡",8,4.31060102496408,4.31060102496402
"男性","60歲及以上","專科及以上","桃竹苗區","5 中間","0-4 冷淡","6-10 溫暖",2,1.035057964,1.03505796399999
"男性","60歲及以上","專科及以上","桃竹苗區","5 中間","5 中間","5 中間",2,1.035057964,1.03505796399999
"男性","60歲及以上","專科及以上","桃竹苗區","5 中間","6-10 溫暖","5 中間",1,0.56012127424102,0.560121274241012
"男性","60歲及以上","專科及以上","桃竹苗區","6-10 溫暖","0-4 冷淡","0-4 冷淡",8,4.18282414824102,4.18282414824096
"男性","60歲及以上","專科及以上","桃竹苗區","6-10 溫暖","0-4 冷淡","5 中間",3,1.59517923824102,1.595179238241
"男性","60歲及以上","專科及以上","桃竹苗區","6-10 溫暖","0-4 冷淡","6-10 溫暖",2,1.12024254848204,1.12024254848202
"男性","60歲及以上","專科及以上","桃竹苗區","6-10 溫暖","5 中間","0-4 冷淡",1,0.517528982,0.517528981999993
"男性","60歲及以上","專科及以上","桃竹苗區","6-10 溫暖","5 中間","5 中間",1,0.517528982,0.517528981999993
"男性","60歲及以上","專科及以上","桃竹苗區","6-10 溫暖","5 中間","6-10 溫暖",1,0.56012127424102,0.560121274241012
"男性","60歲及以上","專科及以上","花東區","0-4 冷淡","5 中間","0-4 冷淡",1,0.471176694859372,0.471176694859366
"男性","60歲及以上","專科及以上","花東區","0-4 冷淡","6-10 溫暖","0-4 冷淡",2,0.870695709843288,0.870695709843276
"男性","60歲及以上","專科及以上","花東區","0-4 冷淡","6-10 溫暖","5 中間",1,0.435347854921644,0.435347854921638
"男性","60歲及以上","專科及以上","花東區","5 中間","0-4 冷淡","0-4 冷淡",1,0.435347854921644,0.435347854921638
"男性","60歲及以上","專科及以上","花東區","5 中間","0-4 冷淡","6-10 溫暖",1,0.435347854921644,0.435347854921638
"男性","60歲及以上","專科及以上","花東區","6-10 溫暖","0-4 冷淡","0-4 冷淡",2,0.870695709843288,0.870695709843276
"男性","60歲及以上","專科及以上","花東區","6-10 溫暖","0-4 冷淡","5 中間",3,1.34187240470266,1.34187240470264
"男性","60歲及以上","專科及以上","花東區","6-10 溫暖","0-4 冷淡","6-10 溫暖",1,0.471176694859372,0.471176694859366
"男性","60歲及以上","專科及以上","雲嘉南區","0-4 冷淡","0-4 冷淡","0-4 冷淡",1,0.52489489443348,0.524894894433473
"男性","60歲及以上","專科及以上","雲嘉南區","0-4 冷淡","6-10 溫暖","0-4 冷淡",7,3.51460971646992,3.51460971646987
"男性","60歲及以上","專科及以上","雲嘉南區","5 中間","0-4 冷淡","0-4 冷淡",1,0.484981258292369,0.484981258292362
"男性","60歲及以上","專科及以上","雲嘉南區","5 中間","5 中間","0-4 冷淡",1,0.484981258292369,0.484981258292362
"男性","60歲及以上","專科及以上","雲嘉南區","5 中間","5 中間","5 中間",1,0.484981258292369,0.484981258292362
"男性","60歲及以上","專科及以上","雲嘉南區","5 中間","5 中間","6-10 溫暖",1,0.484981258292369,0.484981258292362
"男性","60歲及以上","專科及以上","雲嘉南區","6-10 溫暖","0-4 冷淡","0-4 冷淡",2,1.00987615272585,1.00987615272584
"男性","60歲及以上","專科及以上","雲嘉南區","6-10 溫暖","0-4 冷淡","5 中間",2,1.00987615272585,1.00987615272584
"男性","60歲及以上","專科及以上","雲嘉南區","6-10 溫暖","0-4 冷淡","6-10 溫暖",3,1.49485741101822,1.4948574110182
"男性","60歲及以上","專科及以上","雲嘉南區","6-10 溫暖","6-10 溫暖","0-4 冷淡",1,0.484981258292369,0.484981258292362
"男性","60歲及以上","專科及以上","雲嘉南區","6-10 溫暖","6-10 溫暖","5 中間",2,1.00987615272585,1.00987615272584
"男性","60歲及以上","專科及以上","雲嘉南區","6-10 溫暖","6-10 溫暖","6-10 溫暖",1,0.52489489443348,0.524894894433473
"男性","60歲及以上","專科及以上","高屏區","0-4 冷淡","0-4 冷淡","0-4 冷淡",1,0.694621063914153,0.694621063914144
"男性","60歲及以上","專科及以上","高屏區","0-4 冷淡","5 中間","0-4 冷淡",2,1.38924212782831,1.38924212782829
"男性","60歲及以上","專科及以上","高屏區","0-4 冷淡","6-10 溫暖","0-4 冷淡",5,3.70177273239938,3.70177273239933
"男性","60歲及以上","專科及以上","高屏區","5 中間","0-4 冷淡","0-4 冷淡",2,1.44640898103546,1.44640898103544
"男性","60歲及以上","專科及以上","高屏區","5 中間","0-4 冷淡","5 中間",1,0.694621063914153,0.694621063914144
"男性","60歲及以上","專科及以上","高屏區","5 中間","5 中間","0-4 冷淡",2,1.44640898103546,1.44640898103544
"男性","60歲及以上","專科及以上","高屏區","5 中間","5 中間","5 中間",2,1.44640898103546,1.44640898103544
"男性","60歲及以上","專科及以上","高屏區","5 中間","6-10 溫暖","0-4 冷淡",2,1.50357583424261,1.50357583424259
"男性","60歲及以上","專科及以上","高屏區","6-10 溫暖","0-4 冷淡","0-4 冷淡",1,0.694621063914153,0.694621063914144
"男性","60歲及以上","專科及以上","高屏區","6-10 溫暖","0-4 冷淡","5 中間",1,0.751787917121307,0.751787917121297
"男性","60歲及以上","專科及以上","高屏區","6-10 溫暖","0-4 冷淡","6-10 溫暖",2,1.44640898103546,1.44640898103544
"男性","60歲及以上","高中職及以下","中彰投區","0-4 冷淡","0-4 冷淡","0-4 冷淡",5,4.239314793,4.23931479299994
"男性","60歲及以上","高中職及以下","中彰投區","0-4 冷淡","5 中間","0-4 冷淡",2,1.70592726194515,1.70592726194513
"男性","60歲及以上","高中職及以下","中彰投區","0-4 冷淡","6-10 溫暖","0-4 冷淡",21,17.8550701046161,17.8550701046158
"男性","60歲及以上","高中職及以下","中彰投區","5 中間","0-4 冷淡","0-4 冷淡",2,1.84489724189031,1.84489724189029
"男性","60歲及以上","高中職及以下","中彰投區","5 中間","0-4 冷淡","5 中間",2,1.70592726194515,1.70592726194513
"男性","60歲及以上","高中職及以下","中彰投區","5 中間","0-4 冷淡","6-10 溫暖",1,0.890785837,0.890785836999988
"男性","60歲及以上","高中職及以下","中彰投區","5 中間","5 中間","0-4 冷淡",2,1.70592726194515,1.70592726194513
"男性","60歲及以上","高中職及以下","中彰投區","5 中間","5 中間","5 中間",7,5.83793485894515,5.83793485894508
"男性","60歲及以上","高中職及以下","中彰投區","5 中間","5 中間","6-10 溫暖",1,0.783478641,0.783478640999989
"男性","60歲及以上","高中職及以下","中彰投區","5 中間","6-10 溫暖","5 中間",1,0.783478641,0.783478640999989
"男性","60歲及以上","高中職及以下","中彰投區","6-10 溫暖","0-4 冷淡","0-4 冷淡",6,4.808179042,4.80817904199994
"男性","60歲及以上","高中職及以下","中彰投區","6-10 溫暖","0-4 冷淡","5 中間",4,3.48749893594516,3.48749893594511
"男性","60歲及以上","高中職及以下","中彰投區","6-10 溫暖","0-4 冷淡","6-10 溫暖",5,4.05636318494515,4.0563631849451
"男性","60歲及以上","高中職及以下","中彰投區","6-10 溫暖","6-10 溫暖","5 中間",1,0.783478641,0.783478640999989
"男性","60歲及以上","高中職及以下","北北基宜蘭區","0-4 冷淡","0-4 冷淡","0-4 冷淡",3,2.40025425722645,2.40025425722642
"男性","60歲及以上","高中職及以下","北北基宜蘭區","0-4 冷淡","0-4 冷淡","5 中間",2,1.63510189885992,1.6351018988599
"男性","60歲及以上","高中職及以下","北北基宜蘭區","0-4 冷淡","0-4 冷淡","6-10 溫暖",1,0.765152358366531,0.76515235836652
"男性","60歲及以上","高中職及以下","北北基宜蘭區","0-4 冷淡","5 中間","0-4 冷淡",3,2.29545707509959,2.29545707509956
"男性","60歲及以上","高中職及以下","北北基宜蘭區","0-4 冷淡","6-10 溫暖","0-4 冷淡",36,29.9197280065968,29.9197280065964
"男性","60歲及以上","高中職及以下","北北基宜蘭區","0-4 冷淡","6-10 溫暖","5 中間",3,2.40025425722645,2.40025425722642
"男性","60歲及以上","高中職及以下","北北基宜蘭區","0-4 冷淡","6-10 溫暖","6-10 溫暖",1,0.869949540493392,0.86994954049338
"男性","60歲及以上","高中職及以下","北北基宜蘭區","5 中間","0-4 冷淡","0-4 冷淡",1,0.900871703033883,0.900871703033871
"男性","60歲及以上","高中職及以下","北北基宜蘭區","5 中間","0-4 冷淡","6-10 溫暖",2,1.66602406140041,1.66602406140039
"男性","60歲及以上","高中職及以下","北北基宜蘭區","5 中間","5 中間","0-4 冷淡",7,5.91097458174051,5.91097458174043
"男性","60歲及以上","高中職及以下","北北基宜蘭區","5 中間","5 中間","5 中間",1,0.765152358366531,0.76515235836652
"男性","60歲及以上","高中職及以下","北北基宜蘭區","5 中間","6-10 溫暖","0-4 冷淡",4,3.06060943346612,3.06060943346608
"男性","60歲及以上","高中職及以下","北北基宜蘭區","6-10 溫暖","0-4 冷淡","0-4 冷淡",7,5.49178585323307,5.49178585323299
"男性","60歲及以上","高中職及以下","北北基宜蘭區","6-10 溫暖","0-4 冷淡","5 中間",5,4.09720048116736,4.0972004811673
"男性","60歲及以上","高中職及以下","北北基宜蘭區","6-10 溫暖","0-4 冷淡","6-10 溫暖",3,2.40025425722645,2.40025425722642
"男性","60歲及以上","高中職及以下","北北基宜蘭區","6-10 溫暖","5 中間","0-4 冷淡",2,1.63510189885992,1.6351018988599
"男性","60歲及以上","高中職及以下","北北基宜蘭區","6-10 溫暖","6-10 溫暖","0-4 冷淡",2,1.66602406140041,1.66602406140039
"男性","60歲及以上","高中職及以下","北北基宜蘭區","6-10 溫暖","6-10 溫暖","5 中間",2,1.53030471673306,1.53030471673304
"男性","60歲及以上","高中職及以下","北北基宜蘭區","6-10 溫暖","6-10 溫暖","6-10 溫暖",2,1.66602406140041,1.66602406140039
"男性","60歲及以上","高中職及以下","桃竹苗區","0-4 冷淡","0-4 冷淡","0-4 冷淡",2,1.568483885628,1.56848388562798
"男性","60歲及以上","高中職及以下","桃竹苗區","0-4 冷淡","5 中間","0-4 冷淡",2,1.53937211300884,1.53937211300882
"男性","60歲及以上","高中職及以下","桃竹苗區","0-4 冷淡","6-10 溫暖","0-4 冷淡",15,12.1348271588579,12.1348271588578
"男性","60歲及以上","高中職及以下","桃竹苗區","5 中間","0-4 冷淡","0-4 冷淡",3,2.25972734193595,2.25972734193592
"男性","60歲及以上","高中職及以下","桃竹苗區","5 中間","0-4 冷淡","5 中間",2,1.44071045785421,1.44071045785419
"男性","60歲及以上","高中職及以下","桃竹苗區","5 中間","5 中間","0-4 冷淡",3,2.38750076970973,2.3875007697097
"男性","60歲及以上","高中職及以下","桃竹苗區","5 中間","5 中間","5 中間",3,2.45705065224521,2.45705065224517
"男性","60歲及以上","高中職及以下","桃竹苗區","5 中間","5 中間","6-10 溫暖",1,0.848128656700891,0.84812865670088
"男性","60歲及以上","高中職及以下","桃竹苗區","5 中間","6-10 溫暖","0-4 冷淡",2,1.568483885628,1.56848388562798
"男性","60歲及以上","高中職及以下","桃竹苗區","6-10 溫暖","0-4 冷淡","0-4 冷淡",3,2.41661254232889,2.41661254232886
"男性","60歲及以上","高中職及以下","桃竹苗區","6-10 溫暖","0-4 冷淡","5 中間",5,3.8573230001831,3.85732300018305
"男性","60歲及以上","高中職及以下","桃竹苗區","6-10 溫暖","0-4 冷淡","6-10 溫暖",4,3.00919434348221,3.00919434348217
"男性","60歲及以上","高中職及以下","桃竹苗區","6-10 溫暖","5 中間","5 中間",1,0.848128656700891,0.84812865670088
"男性","60歲及以上","高中職及以下","桃竹苗區","6-10 溫暖","5 中間","6-10 溫暖",1,0.720355228927107,0.720355228927097
"男性","60歲及以上","高中職及以下","桃竹苗區","6-10 溫暖","6-10 溫暖","0-4 冷淡",2,1.53937211300884,1.53937211300882
"男性","60歲及以上","高中職及以下","桃竹苗區","6-10 溫暖","6-10 溫暖","6-10 溫暖",2,1.66714554078263,1.6671455407826
"男性","60歲及以上","高中職及以下","花東區","0-4 冷淡","5 中間","0-4 冷淡",1,0.713449882,0.71344988199999
"男性","60歲及以上","高中職及以下","花東區","0-4 冷淡","6-10 溫暖","0-4 冷淡",2,1.426899764,1.42689976399998
"男性","60歲及以上","高中職及以下","花東區","5 中間","5 中間","5 中間",1,0.60596626391393,0.605966263913922
"男性","60歲及以上","高中職及以下","花東區","5 中間","6-10 溫暖","5 中間",1,0.60596626391393,0.605966263913922
"男性","60歲及以上","高中職及以下","花東區","6-10 溫暖","0-4 冷淡","0-4 冷淡",2,1.40241080211246,1.40241080211244
"男性","60歲及以上","高中職及以下","花東區","6-10 溫暖","0-4 冷淡","5 中間",3,1.81789879174179,1.81789879174177
"男性","60歲及以上","高中職及以下","花東區","6-10 溫暖","5 中間","0-4 冷淡",1,0.688960920112456,0.688960920112447
"男性","60歲及以上","高中職及以下","雲嘉南區","0-4 冷淡","0-4 冷淡","0-4 冷淡",2,1.5350167925396,1.53501679253958
"男性","60歲及以上","高中職及以下","雲嘉南區","0-4 冷淡","5 中間","0-4 冷淡",5,3.85420887943894,3.85420887943889
"男性","60歲及以上","高中職及以下","雲嘉南區","0-4 冷淡","6-10 溫暖","0-4 冷淡",29,21.4862473493478,21.4862473493475
"男性","60歲及以上","高中職及以下","雲嘉南區","0-4 冷淡","6-10 溫暖","5 中間",2,1.58957862233765,1.58957862233762
"男性","60歲及以上","高中職及以下","雲嘉南區","0-4 冷淡","6-10 溫暖","6-10 溫暖",1,0.67505163476365,0.675051634763641
"男性","60歲及以上","高中職及以下","雲嘉南區","5 中間","0-4 冷淡","0-4 冷淡",2,1.46984094593247,1.46984094593245
"男性","60歲及以上","高中職及以下","雲嘉南區","5 中間","0-4 冷淡","5 中間",3,2.1176116657971,2.11761166579707
"男性","60歲及以上","高中職及以下","雲嘉南區","5 中間","5 中間","0-4 冷淡",2,1.58957862233765,1.58957862233762
"男性","60歲及以上","高中職及以下","雲嘉南區","5 中間","5 中間","5 中間",4,3.15187632977627,3.15187632977623
"男性","60歲及以上","高中職及以下","雲嘉南區","5 中間","6-10 溫暖","0-4 冷淡",2,1.58957862233765,1.58957862233762
"男性","60歲及以上","高中職及以下","雲嘉南區","6-10 溫暖","0-4 冷淡","5 中間",6,4.32768009310034,4.32768009310029
"男性","60歲及以上","高中職及以下","雲嘉南區","6-10 溫暖","6-10 溫暖","0-4 冷淡",1,0.767508396269798,0.767508396269788
"男性","60歲及以上","高中職及以下","高屏區","0-4 冷淡","5 中間","0-4 冷淡",1,0.966851969471028,0.966851969471015
"男性","60歲及以上","高中職及以下","高屏區","0-4 冷淡","6-10 溫暖","0-4 冷淡",22,22.7512618446649,22.7512618446646
"男性","60歲及以上","高中職及以下","高屏區","0-4 冷淡","6-10 溫暖","5 中間",1,0.966851969471028,0.966851969471015
"男性","60歲及以上","高中職及以下","高屏區","5 中間","0-4 冷淡","5 中間",1,1.13834789999012,1.1383478999901
"男性","60歲及以上","高中職及以下","高屏區","5 中間","5 中間","0-4 冷淡",1,1.13834789999012,1.1383478999901
"男性","60歲及以上","高中職及以下","高屏區","5 中間","5 中間","5 中間",5,5.13817824357856,5.13817824357849
"男性","60歲及以上","高中職及以下","高屏區","5 中間","6-10 溫暖","0-4 冷淡",3,3.07205183893218,3.07205183893213
"男性","60歲及以上","高中職及以下","高屏區","6-10 溫暖","0-4 冷淡","5 中間",1,0.966851969471028,0.966851969471015
"男性","60歲及以上","高中職及以下","高屏區","6-10 溫暖","5 中間","6-10 溫暖",1,0.966851969471028,0.966851969471015
"男性","60歲及以上","高中職及以下","高屏區","6-10 溫暖","6-10 溫暖","6-10 溫暖",3,3.2044743046365,3.20447430463645
